{
"type": "FeatureCollection",
"name": "FARM BOUNDARY 2025",
"crs": { "type": "name", "properties": { "name": "urn:ogc:def:crs:OGC:1.3:CRS84" } },
"features": [
{ "type": "Feature", "properties": { "Name": "Untitled Polygon", "description": null, "timestamp": null, "begin": null, "end": null, "altitudeMode": null, "tessellate": 1, "extrude": 0, "visibility": -1, "drawOrder": null, "icon": null, "AREA": null }, "geometry": { "type": "Polygon", "coordinates": [ [ [ 27.665351026706631, -18.67511324810787, 0.0 ], [ 27.667448954091981, -18.675940905948199, 0.0 ], [ 27.669543081553861, -18.676767092100661, 0.0 ], [ 27.67175291570635, -18.678265886485441, 0.0 ], [ 27.67364569810308, -18.680137093647431, 0.0 ], [ 27.676853319383788, -18.682898027715559, 0.0 ], [ 27.677858614862231, -18.684165217483091, 0.0 ], [ 27.678350242997809, -18.68684890597439, 0.0 ], [ 27.680331249379972, -18.68937092557136, 0.0 ], [ 27.681320112333552, -18.690629795093471, 0.0 ], [ 27.68240556149167, -18.692552911600131, 0.0 ], [ 27.683562790091909, -18.695136683197131, 0.0 ], [ 27.684943540000539, -18.696680504639229, 0.0 ], [ 27.686536271832601, -18.699551504377521, 0.0 ], [ 27.686443868992079, -18.701252761416178, 0.0 ], [ 27.687845394119439, -18.702791482648621, 0.0 ], [ 27.690083786005701, -18.702549252111002, 0.0 ], [ 27.692524344022718, -18.70127282052557, 0.0 ], [ 27.694329451222242, -18.700740659422468, 0.0 ], [ 27.696449025089681, -18.69983770156, 0.0 ], [ 27.699844709021122, -18.699808952435969, 0.0 ], [ 27.701437061378151, -18.700310624194199, 0.0 ], [ 27.70419433817413, -18.701022059003041, 0.0 ], [ 27.707800322349708, -18.702311985733239, 0.0 ], [ 27.710145039645329, -18.702731605922882, 0.0 ], [ 27.71057243752238, -18.703021088180101, 0.0 ], [ 27.71458685747924, -18.705684396244511, 0.0 ], [ 27.71516657514881, -18.70562297274234, 0.0 ], [ 27.71799874996703, -18.706605954691032, 0.0 ], [ 27.721065051575781, -18.70730371930075, 0.0 ], [ 27.724363924340551, -18.707717561298669, 0.0 ], [ 27.727076829542519, -18.70819156267331, 0.0 ], [ 27.730898445421129, -18.70854029040694, 0.0 ], [ 27.73385102835584, -18.709228718897631, 0.0 ], [ 27.734729580414061, -18.709385109384069, 0.0 ], [ 27.737355935911001, -18.709853545830079, 0.0 ], [ 27.739808997065971, -18.711098437851149, 0.0 ], [ 27.74143693209599, -18.712186139029981, 0.0 ], [ 27.742756238525988, -18.71305421069362, 0.0 ], [ 27.744731929946209, -18.714353688959431, 0.0 ], [ 27.745944943256209, -18.714723208430051, 0.0 ], [ 27.748602142866201, -18.715182151882669, 0.0 ], [ 27.750605385481549, -18.715209104775251, 0.0 ], [ 27.753235807072791, -18.715666409911929, 0.0 ], [ 27.755753326007909, -18.715630671918301, 0.0 ], [ 27.757949085443659, -18.715380217331461, 0.0 ], [ 27.762515188910651, -18.715862530669369, 0.0 ], [ 27.76518783682927, -18.716807422962031, 0.0 ], [ 27.76581972597856, -18.71723469551403, 0.0 ], [ 27.766530949102709, -18.718151394183959, 0.0 ], [ 27.767093174982879, -18.719832171446569, 0.0 ], [ 27.767419813883691, -18.72352785985175, 0.0 ], [ 27.767810835962081, -18.724227712860799, 0.0 ], [ 27.769036546035998, -18.726814445896959, 0.0 ], [ 27.769564486881961, -18.728487695206159, 0.0 ], [ 27.77039563162749, -18.730370628065231, 0.0 ], [ 27.772216319976199, -18.73163728050152, 0.0 ], [ 27.77420994971995, -18.732138202385119, 0.0 ], [ 27.776983098374782, -18.734023865470011, 0.0 ], [ 27.77792550523899, -18.734647666246769, 0.0 ], [ 27.781352995782651, -18.736931205751699, 0.0 ], [ 27.78290248208431, -18.73796637289529, 0.0 ], [ 27.784757764519721, -18.739205793299622, 0.0 ], [ 27.78653821061145, -18.73996115803121, 0.0 ], [ 27.788006402908071, -18.740509389474031, 0.0 ], [ 27.789777493390591, -18.741262099177479, 0.0 ], [ 27.792071485628711, -18.741947840038069, 0.0 ], [ 27.793525201407729, -18.742493817379859, 0.0 ], [ 27.79519256487918, -18.742770134609721, 0.0 ], [ 27.799198293111349, -18.742507530112299, 0.0 ], [ 27.800254745690289, -18.742374112279059, 0.0 ], [ 27.80259824042588, -18.740137344024451, 0.0 ], [ 27.803805727207781, -18.73925779948706, 0.0 ], [ 27.805766041684951, -18.738041866297419, 0.0 ], [ 27.807431509269829, -18.736620089661201, 0.0 ], [ 27.80876209309865, -18.736699496171092, 0.0 ], [ 27.809434444767771, -18.739279001244501, 0.0 ], [ 27.80987972510643, -18.740432505346149, 0.0 ], [ 27.810693915932291, -18.742263023983831, 0.0 ], [ 27.810462031016819, -18.74422338350859, 0.0 ], [ 27.810086744564551, -18.745235601372389, 0.0 ], [ 27.810294545711461, -18.746657700699451, 0.0 ], [ 27.811311507873199, -18.748217730630088, 0.0 ], [ 27.81241410168295, -18.74856028831768, 0.0 ], [ 27.81464420834617, -18.749233288352041, 0.0 ], [ 27.81583668881084, -18.75003676434034, 0.0 ], [ 27.816649791802739, -18.751847142302459, 0.0 ], [ 27.817235009574059, -18.753924120517389, 0.0 ], [ 27.817504772215031, -18.755807415579859, 0.0 ], [ 27.817696875715271, -18.757223729535589, 0.0 ], [ 27.818050719786861, -18.759564640803479, 0.0 ], [ 27.818592639127019, -18.761146162872208, 0.0 ], [ 27.819940798481891, -18.76285451698806, 0.0 ], [ 27.821419715169871, -18.76383642227697, 0.0 ], [ 27.822600629695291, -18.764620480464782, 0.0 ], [ 27.824573382390671, -18.765538310779199, 0.0 ], [ 27.82573653598655, -18.766328286117609, 0.0 ], [ 27.827923103643069, -18.76697698572556, 0.0 ], [ 27.82959365370963, -18.767694459188601, 0.0 ], [ 27.831261387656689, -18.768410685869512, 0.0 ], [ 27.83381270702203, -18.768059755802799, 0.0 ], [ 27.8361377835894, -18.767975670391792, 0.0 ], [ 27.839695170114119, -18.7674857174663, 0.0 ], [ 27.84172506202896, -18.76720508271983, 0.0 ], [ 27.844833141308541, -18.767241904034261, 0.0 ], [ 27.846640073681169, -18.76722175672257, 0.0 ], [ 27.849803194776982, -18.76771309560597, 0.0 ], [ 27.85238820264864, -18.7678157971744, 0.0 ], [ 27.854524521117721, -18.768451460822671, 0.0 ], [ 27.856436820381361, -18.769350136628798, 0.0 ], [ 27.857847782359681, -18.77031389508149, 0.0 ], [ 27.86019270540773, -18.77067756942359, 0.0 ], [ 27.86256387689863, -18.76940914676474, 0.0 ], [ 27.864960756293691, -18.766514673277001, 0.0 ], [ 27.86561117237073, -18.76572983851095, 0.0 ], [ 27.866912526248271, -18.764159707061609, 0.0 ], [ 27.86756390012988, -18.76337347653147, 0.0 ], [ 27.868153055095672, -18.762131515116248, 0.0 ], [ 27.869238773583589, -18.760820968483959, 0.0 ], [ 27.87026241579342, -18.75905441343264, 0.0 ], [ 27.870790134675861, -18.75735509792932, 0.0 ], [ 27.871379914018419, -18.756111858390469, 0.0 ], [ 27.871535409493571, -18.755392577729101, 0.0 ], [ 27.87172329070275, -18.753037550421588, 0.0 ], [ 27.872251829968562, -18.75133451726963, 0.0 ], [ 27.87256215138073, -18.749894481681519, 0.0 ], [ 27.872069529863531, -18.746218627725401, 0.0 ], [ 27.86979707806687, -18.742532528666558, 0.0 ], [ 27.868262634865509, -18.740619522607229, 0.0 ], [ 27.867572855285879, -18.739296851517938, 0.0 ], [ 27.867227560429409, -18.73863477351998, 0.0 ], [ 27.866036144526849, -18.737372532635121, 0.0 ], [ 27.865779745511279, -18.735517453816371, 0.0 ], [ 27.865021920148848, -18.733722252544801, 0.0 ], [ 27.863765989474409, -18.731984000364701, 0.0 ], [ 27.86235167995963, -18.730974086140272, 0.0 ], [ 27.860652332009408, -18.729759492264058, 0.0 ], [ 27.860083446844701, -18.729354754885922, 0.0 ], [ 27.859889517290981, -18.727951329135291, 0.0 ], [ 27.86158655164628, -18.725360651149028, 0.0 ], [ 27.86246742506853, -18.724299403443599, 0.0 ], [ 27.86356843162261, -18.722972929450041, 0.0 ], [ 27.86416436803129, -18.72170829784762, 0.0 ], [ 27.864254386523751, -18.720504868066261, 0.0 ], [ 27.864785859172109, -18.718769247562719, 0.0 ], [ 27.866106139964941, -18.71717688741569, 0.0 ], [ 27.866986284108709, -18.716115335904679, 0.0 ], [ 27.868306403158801, -18.71452310323852, 0.0 ], [ 27.870003500233089, -18.711928699470239, 0.0 ], [ 27.871040583788389, -18.710130381848629, 0.0 ], [ 27.871071774810211, -18.70844894322957, 0.0 ], [ 27.87100888944498, -18.70797666387514, 0.0 ], [ 27.872203517284589, -18.705437303469111, 0.0 ], [ 27.87280163366227, -18.704166891675619, 0.0 ], [ 27.873462934433771, -18.703369823278521, 0.0 ], [ 27.874722854212461, -18.701301928429721, 0.0 ], [ 27.875983085049992, -18.6992334943494, 0.0 ], [ 27.876423846695371, -18.69870206027722, 0.0 ], [ 27.87730579552214, -18.69763939931654, 0.0 ], [ 27.879349315424449, -18.695722349612979, 0.0 ], [ 27.880414258382849, -18.69608372767329, 0.0 ], [ 27.881100012414191, -18.697449988897759, 0.0 ], [ 27.88106466987993, -18.699136395863629, 0.0 ], [ 27.882186410862229, -18.69996756078104, 0.0 ], [ 27.884580598894338, -18.700888098787949, 0.0 ], [ 27.887690233730812, -18.701485330794078, 0.0 ], [ 27.888128971283539, -18.700956779761849, 0.0 ], [ 27.889723371532892, -18.699578594171982, 0.0 ], [ 27.890220882708501, -18.699521660173939, 0.0 ], [ 27.891813737514681, -18.69814436600651, 0.0 ], [ 27.89302624777417, -18.69776702440673, 0.0 ], [ 27.89550668529154, -18.697484315697441, 0.0 ], [ 27.897269672156352, -18.697522248277661, 0.0 ], [ 27.900075048481991, -18.697918034730911, 0.0 ], [ 27.902598177160481, -18.698106138808871, 0.0 ], [ 27.904680197044879, -18.698818503659229, 0.0 ], [ 27.906757714645369, -18.699529580771831, 0.0 ], [ 27.907850580029201, -18.700352396501579, 0.0 ], [ 27.91019299406604, -18.701265711205721, 0.0 ], [ 27.913014411859681, -18.699992485003161, 0.0 ], [ 27.913990342028629, -18.699879627252109, 0.0 ], [ 27.916860615754128, -18.69907413042775, 0.0 ], [ 27.918266862398379, -18.698438780964828, 0.0 ], [ 27.91913160468776, -18.697394189460042, 0.0 ], [ 27.920535463471381, -18.69676056280041, 0.0 ], [ 27.922044494108089, -18.697059686375031, 0.0 ], [ 27.923119832239511, -18.69787963159186, 0.0 ], [ 27.923762303891451, -18.699219364921351, 0.0 ], [ 27.925259840114759, -18.701632875055299, 0.0 ], [ 27.925632310357479, -18.702763590469779, 0.0 ], [ 27.926486634251269, -18.703836257239988, 0.0 ], [ 27.928732690567291, -18.704274189185249, 0.0 ], [ 27.929746650425582, -18.704622380488971, 0.0 ], [ 27.93129089435109, -18.70537479735528, 0.0 ], [ 27.934219164759192, -18.705493775373832, 0.0 ], [ 27.935869310048719, -18.705064092463619, 0.0 ], [ 27.937039361033602, -18.70469162083727, 0.0 ], [ 27.939163244769421, -18.70420617807682, 0.0 ], [ 27.940544833251462, -18.703576100256139, 0.0 ], [ 27.941826672771491, -18.702025980775421, 0.0 ], [ 27.9428947684905, -18.700734317374479, 0.0 ], [ 27.94598278631025, -18.69803987415705, 0.0 ], [ 27.946885763176368, -18.697467875378489, 0.0 ], [ 27.948526297635969, -18.697043018346339, 0.0 ], [ 27.94974069551979, -18.697133843210079, 0.0 ], [ 27.950736588107599, -18.697483595721099, 0.0 ], [ 27.95331661301358, -18.69694969397348, 0.0 ], [ 27.955679152473369, -18.696674024107441, 0.0 ], [ 27.95872084813529, -18.696086861068849, 0.0 ], [ 27.960982106214431, -18.694894752831399, 0.0 ], [ 27.962088944063151, -18.694069683168848, 0.0 ], [ 27.963362155795888, -18.692528981009431, 0.0 ], [ 27.963998689358949, -18.691758671367939, 0.0 ], [ 27.964849711474631, -18.69073080519237, 0.0 ], [ 27.96603809066356, -18.68826819911428, 0.0 ], [ 27.96663260451535, -18.68703617959271, 0.0 ], [ 27.966286780721749, -18.685910465598699, 0.0 ], [ 27.965896179182671, -18.684321786750161, 0.0 ], [ 27.964651574386771, -18.68376157530319, 0.0 ], [ 27.96319173194766, -18.683458426708938, 0.0 ], [ 27.96168458732943, -18.682691750993449, 0.0 ], [ 27.960174808922211, -18.681923712959851, 0.0 ], [ 27.95892227510641, -18.681360004559231, 0.0 ], [ 27.956458265678339, -18.680695093274089, 0.0 ], [ 27.95403506253178, -18.680493981187709, 0.0 ], [ 27.949916379480079, -18.68024218719075, 0.0 ], [ 27.948008468067329, -18.680451772439721, 0.0 ], [ 27.946575576003429, -18.680609051669698, 0.0 ], [ 27.944446834942799, -18.68107912392788, 0.0 ], [ 27.943009523927511, -18.681237323451271, 0.0 ], [ 27.939914711220531, -18.681814509998379, 0.0 ], [ 27.937941249768471, -18.681558332587599, 0.0 ], [ 27.93709350227271, -18.680466512443221, 0.0 ], [ 27.935660970063179, -18.678486717175549, 0.0 ], [ 27.934593701524548, -18.677651605577431, 0.0 ], [ 27.932722763526961, -18.676186533119189, 0.0 ], [ 27.930630556787449, -18.674978918370709, 0.0 ], [ 27.92880076014324, -18.673980173930179, 0.0 ], [ 27.92804477940695, -18.673822259601369, 0.0 ], [ 27.926696503916279, -18.672769682268338, 0.0 ], [ 27.925129089060292, -18.67197649067942, 0.0 ], [ 27.92312331222551, -18.671707268050451, 0.0 ], [ 27.920677803963748, -18.671963829718361, 0.0 ], [ 27.919752152016279, -18.672541613033271, 0.0 ], [ 27.9175720654899, -18.673013369459358, 0.0 ], [ 27.916590598410291, -18.673115739339259, 0.0 ], [ 27.915334876885829, -18.67300802154633, 0.0 ], [ 27.91248958602095, -18.672103886505329, 0.0 ], [ 27.91089822207935, -18.671305495082329, 0.0 ], [ 27.909524209325909, -18.67023934155074, 0.0 ], [ 27.908698194969599, -18.669599058326568, 0.0 ], [ 27.907319390732251, -18.668530272051481, 0.0 ], [ 27.905661356730779, -18.667245005333172, 0.0 ], [ 27.904553993086811, -18.666386464247552, 0.0 ], [ 27.902889319124458, -18.6650935003453, 0.0 ], [ 27.89982720227616, -18.662710665869881, 0.0 ], [ 27.897312245713231, -18.660760431644469, 0.0 ], [ 27.896191689055652, -18.659891456983971, 0.0 ], [ 27.89048166894932, -18.658986782131191, 0.0 ], [ 27.884989869719352, -18.66003310410294, 0.0 ], [ 27.882963043106852, -18.660229848861459, 0.0 ], [ 27.880170976894021, -18.662486332998469, 0.0 ], [ 27.878773575126299, -18.663614090141451, 0.0 ], [ 27.87721499775899, -18.665495097939441, 0.0 ], [ 27.875657980793932, -18.667378320433929, 0.0 ], [ 27.87432353437249, -18.66899271822853, 0.0 ], [ 27.873211246362811, -18.670337565115979, 0.0 ], [ 27.87136776499197, -18.67200404632699, 0.0 ], [ 27.86996934329412, -18.67313396057618, 0.0 ], [ 27.868950361610182, -18.673240412222491, 0.0 ], [ 27.868060581770411, -18.674317391925769, 0.0 ], [ 27.866883197777131, -18.675178645479431, 0.0 ], [ 27.863789587444849, -18.677221653623711, 0.0 ], [ 27.862612787697561, -18.678085822040991, 0.0 ], [ 27.85938525233589, -18.679165740103379, 0.0 ], [ 27.85777952134853, -18.67884315097103, 0.0 ], [ 27.85623708338246, -18.67900455930123, 0.0 ], [ 27.855946333427671, -18.678788827834151, 0.0 ], [ 27.853662220820421, -18.679273980025659, 0.0 ], [ 27.8513731386507, -18.67975921453921, 0.0 ], [ 27.85063280659412, -18.680083657616681, 0.0 ], [ 27.845766131220788, -18.679043120141301, 0.0 ], [ 27.845204942653911, -18.67893814024205, 0.0 ], [ 27.844621762603939, -18.67866248866596, 0.0 ], [ 27.844218217888638, -18.678364614546481, 0.0 ], [ 27.843734287161301, -18.67816260359502, 0.0 ], [ 27.84278581968946, -18.67792888604524, 0.0 ], [ 27.84064118366296, -18.677749653661479, 0.0 ], [ 27.839422120405551, -18.677632970952089, 0.0 ], [ 27.838771214745758, -18.677622912132129, 0.0 ], [ 27.83811936779275, -18.67761286822855, 0.0 ], [ 27.83744388939072, -18.67743045360535, 0.0 ], [ 27.836457149512391, -18.677021247410131, 0.0 ], [ 27.835859116568461, -18.676740552621709, 0.0 ], [ 27.83509862759135, -18.676654088405591, 0.0 ], [ 27.834521487899199, -18.676545815846421, 0.0 ], [ 27.8339432785173, -18.676437421505302, 0.0 ], [ 27.833234911935389, -18.676079035845589, 0.0 ], [ 27.832282033357149, -18.676013064249251, 0.0 ], [ 27.831513201555449, -18.675925340273601, 0.0 ], [ 27.830556878009169, -18.675859185696861, 0.0 ], [ 27.830079386577559, -18.67582617795583, 0.0 ], [ 27.829283841610099, -18.675563500336619, 0.0 ], [ 27.828591174375521, -18.67537684338129, 0.0 ], [ 27.828378770522601, -18.67522346284488, 0.0 ], [ 27.827953466204651, -18.674916330603679, 0.0 ], [ 27.82718234787481, -18.674202096116922, 0.0 ], [ 27.826036368748269, -18.672900779796599, 0.0 ], [ 27.825366495731739, -18.672258130756791, 0.0 ], [ 27.82501795378791, -18.67184766207734, 0.0 ], [ 27.824561007589129, -18.671358426907211, 0.0 ], [ 27.824292881886208, -18.670847219401448, 0.0 ], [ 27.823617343444749, -18.670198919931451, 0.0 ], [ 27.823157118984842, -18.669706296108831, 0.0 ], [ 27.822969352856461, -18.669092570461551, 0.0 ], [ 27.82289226657528, -18.668557709172891, 0.0 ], [ 27.822789281561182, -18.667843629896769, 0.0 ], [ 27.822956708135891, -18.667007155611099, 0.0 ], [ 27.82298607290398, -18.66654872128009, 0.0 ], [ 27.82307141210967, -18.665810379351779, 0.0 ], [ 27.82276978129644, -18.665108987348209, 0.0 ], [ 27.822686617897951, -18.664566739322339, 0.0 ], [ 27.822247571042642, -18.66424470796106, 0.0 ], [ 27.82180774040463, -18.66392210358584, 0.0 ], [ 27.820761491162511, -18.663476882815601, 0.0 ], [ 27.82004416376305, -18.66327356152971, 0.0 ], [ 27.819214313986731, -18.662988594916879, 0.0 ], [ 27.8180822146923, -18.66329018122952, 0.0 ], [ 27.81722468910672, -18.663471150940339, 0.0 ], [ 27.815896034460021, -18.663794173531919, 0.0 ], [ 27.81484169072532, -18.663996230795629, 0.0 ], [ 27.814175287764709, -18.66415820461334, 0.0 ], [ 27.81303571860353, -18.664462364845349, 0.0 ], [ 27.811781089311491, -18.664685735878781, 0.0 ], [ 27.81119400348588, -18.664746752243889, 0.0 ], [ 27.810998166128989, -18.664767105409791, 0.0 ], [ 27.810182837941241, -18.664665395405908, 0.0 ], [ 27.80928374551387, -18.664665467420939, 0.0 ], [ 27.808779218327981, -18.664625657761249, 0.0 ], [ 27.807965013575739, -18.66452532260417, 0.0 ], [ 27.806780985384769, -18.664647547481561, 0.0 ], [ 27.805957219014431, -18.664545052165249, 0.0 ], [ 27.805252330833849, -18.664525779763149, 0.0 ], [ 27.80445768520411, -18.66460701068959, 0.0 ], [ 27.803630643303752, -18.6645044989029, 0.0 ], [ 27.803431445967838, -18.66452481918736, 0.0 ], [ 27.79942257151902, -18.664817166756389, 0.0 ], [ 27.799187857508631, -18.664923496494541, 0.0 ], [ 27.799620833914979, -18.665107563028869, 0.0 ], [ 27.801494838585079, -18.664258134771909, 0.0 ], [ 27.801763783030719, -18.66446145094589, 0.0 ], [ 27.800593848073461, -18.664991987436551, 0.0 ], [ 27.800107575747241, -18.665049750438861, 0.0 ], [ 27.799548628124089, -18.66519458330723, 0.0 ], [ 27.79886276256774, -18.66566839646088, 0.0 ], [ 27.79810436183541, -18.666229520000108, 0.0 ], [ 27.79765278938925, -18.666597250384712, 0.0 ], [ 27.797580569609519, -18.666684314959269, 0.0 ], [ 27.797001403188691, -18.666675423203909, 0.0 ], [ 27.79654756971717, -18.666337322839318, 0.0 ], [ 27.79625631332209, -18.66597917039574, 0.0 ], [ 27.796200529465811, -18.665513793603321, 0.0 ], [ 27.796053608748281, -18.664979880248278, 0.0 ], [ 27.795997651792099, -18.664513361973022, 0.0 ], [ 27.795850393405111, -18.663978034105401, 0.0 ], [ 27.795721666538419, -18.66359792372543, 0.0 ], [ 27.795337299033001, -18.663167953636741, 0.0 ], [ 27.795135429931001, -18.66287454865622, 0.0 ], [ 27.795059886766339, -18.66224884288394, 0.0 ], [ 27.795129857551771, -18.661446850204371, 0.0 ], [ 27.79518373458146, -18.66120243516767, 0.0 ], [ 27.795180902103489, -18.660487559413099, 0.0 ], [ 27.795215847627251, -18.660085400388422, 0.0 ], [ 27.795523683634389, -18.65917320997988, 0.0 ], [ 27.79563186993337, -18.65868176757839, 0.0 ], [ 27.79544568854223, -18.657822261501369, 0.0 ], [ 27.79531589527717, -18.65743584599922, 0.0 ], [ 27.79483638805554, -18.65692677499618, 0.0 ], [ 27.79446731542631, -18.656645699878101, 0.0 ], [ 27.793746851787379, -18.656241485199349, 0.0 ], [ 27.79330296177703, -18.656048408524139, 0.0 ], [ 27.79302466669235, -18.655836944630391, 0.0 ], [ 27.792173500628, -18.655768289873791, 0.0 ], [ 27.79120749672321, -18.655469221005461, 0.0 ], [ 27.79094720082416, -18.6554165436571, 0.0 ], [ 27.790091675418019, -18.65534728214433, 0.0 ], [ 27.78897288043083, -18.65522500736969, 0.0 ], [ 27.787461233992978, -18.65538749515602, 0.0 ], [ 27.786956203432968, -18.655441629837959, 0.0 ], [ 27.786302926395429, -18.6556743912722, 0.0 ], [ 27.785163403339052, -18.656122411422629, 0.0 ], [ 27.783683686027491, -18.65660813713027, 0.0 ], [ 27.782931994193849, -18.656771245343439, 0.0 ], [ 27.781691579098709, -18.657150722176759, 0.0 ], [ 27.78076720550672, -18.657332972104609, 0.0 ], [ 27.780596967409341, -18.65735151602334, 0.0 ], [ 27.779574336353448, -18.657462913076849, 0.0 ], [ 27.778988089961391, -18.65760852159098, 0.0 ], [ 27.778207660160572, -18.657611775013109, 0.0 ], [ 27.778036570042818, -18.657630408789949, 0.0 ], [ 27.777031705490689, -18.657903658248809, 0.0 ], [ 27.77644302860735, -18.658049862846578, 0.0 ], [ 27.775928342216421, -18.658106225521522, 0.0 ], [ 27.775190424902831, -18.658433086250671, 0.0 ], [ 27.77405705223569, -18.659049684243701, 0.0 ], [ 27.773564191480421, -18.65926802153637, 0.0 ], [ 27.772527693105381, -18.659381592165499, 0.0 ], [ 27.772131168753521, -18.659671289767541, 0.0 ], [ 27.77180903441382, -18.659870817591901, 0.0 ], [ 27.770768977835498, -18.65998509240508, 0.0 ], [ 27.77069439276876, -18.660075445731191, 0.0 ], [ 27.770102404773699, -18.660223852377332, 0.0 ], [ 27.76921042635027, -18.66073384215229, 0.0 ], [ 27.768961926886821, -18.66084350207873, 0.0 ], [ 27.768340013431509, -18.661405346962699, 0.0 ], [ 27.76751894548104, -18.661825310966051, 0.0 ], [ 27.76712058640274, -18.66211617486314, 0.0 ], [ 27.766547662819779, -18.662426670589468, 0.0 ], [ 27.765374266973289, -18.662311410961859, 0.0 ], [ 27.76412261298416, -18.662286567532721, 0.0 ], [ 27.762968279515771, -18.662332913384311, 0.0 ], [ 27.762037545963562, -18.66210657286106, 0.0 ], [ 27.761585167975088, -18.66207449193049, 0.0 ], [ 27.76133445887303, -18.66218520663314, 0.0 ], [ 27.760529250796019, -18.66219250734741, 0.0 ], [ 27.759471326831861, -18.662310741741098, 0.0 ], [ 27.75873819453577, -18.66222685402818, 0.0 ], [ 27.758180845794069, -18.662123104145198, 0.0 ], [ 27.75881832394348, -18.662715146926921, 0.0 ], [ 27.751183050006659, -18.66297791577286, 0.0 ], [ 27.750292590715059, -18.662739952889972, 0.0 ], [ 27.749760869247979, -18.66263033823855, 0.0 ], [ 27.749056715687839, -18.662539703364811, 0.0 ], [ 27.74835149196706, -18.66244892350544, 0.0 ], [ 27.748256693710459, -18.66237482196134, 0.0 ], [ 27.746765262643631, -18.662286066523119, 0.0 ], [ 27.746211549658231, -18.662008010198459, 0.0 ], [ 27.745674947535871, -18.66189743856588, 0.0 ], [ 27.74531085044481, -18.66176766352481, 0.0 ], [ 27.744504033690969, -18.661601364734061, 0.0 ], [ 27.74379171138137, -18.661509389897109, 0.0 ], [ 27.743174415285949, -18.66149194593887, 0.0 ], [ 27.742808194692881, -18.66136162541266, 0.0 ], [ 27.740732111134829, -18.662527910910889, 0.0 ], [ 27.739896562630609, -18.66296146122064, 0.0 ], [ 27.73857323424911, -18.66379085649514, 0.0 ], [ 27.737969283074161, -18.663943747974962, 0.0 ], [ 27.737111023792021, -18.664210654036989, 0.0 ], [ 27.73658405724354, -18.664269670796731, 0.0 ], [ 27.735959027994522, -18.66425415981157, 0.0 ], [ 27.73515716130531, -18.664258326867479, 0.0 ], [ 27.73396233118271, -18.664734560492111, 0.0 ], [ 27.732765908226959, -18.665211421970781, 0.0 ], [ 27.73237389885162, -18.66568373671052, 0.0 ], [ 27.732335451460269, -18.666116037266612, 0.0 ], [ 27.732120339574589, -18.666568099392041, 0.0 ], [ 27.73161202362925, -18.667566090940269, 0.0 ], [ 27.73108393164825, -18.668394976170301, 0.0 ], [ 27.730222654471611, -18.669432530577922, 0.0 ], [ 27.729970467874701, -18.6703139580715, 0.0 ], [ 27.7297357179628, -18.670596725906609, 0.0 ], [ 27.729640316636921, -18.671288700247938, 0.0 ], [ 27.729504276591889, -18.67164478827171, 0.0 ], [ 27.729154200189459, -18.672450795625171, 0.0 ], [ 27.729273155512331, -18.672691514521389, 0.0 ], [ 27.729941882173438, -18.67303668262138, 0.0 ], [ 27.731019633904339, -18.673078604810339, 0.0 ], [ 27.731821560429719, -18.673068258008051, 0.0 ], [ 27.732388638915371, -18.6733393315046, 0.0 ], [ 27.732877027004601, -18.67370373117182, 0.0 ], [ 27.733286903584741, -18.674161248381999, 0.0 ], [ 27.73352106335739, -18.674639082342129, 0.0 ], [ 27.73359952438561, -18.67530339677284, 0.0 ], [ 27.733250309733009, -18.676102705147411, 0.0 ], [ 27.733056642701939, -18.676714551894001, 0.0 ], [ 27.73299877048408, -18.676973727759162, 0.0 ], [ 27.732670172810831, -18.677937821705271, 0.0 ], [ 27.732554650357589, -18.67845553491405, 0.0 ], [ 27.732477103957429, -18.67854896504015, 0.0 ], [ 27.73222645759056, -18.679418355560031, 0.0 ], [ 27.732130770325689, -18.680099798553101, 0.0 ], [ 27.732190133414871, -18.680594197413701, 0.0 ], [ 27.732386144398859, -18.681488599072239, 0.0 ], [ 27.732308716929978, -18.681581677159318, 0.0 ], [ 27.731435172309769, -18.681690328471909, 0.0 ], [ 27.730052438303328, -18.681276998454841, 0.0 ], [ 27.729779441357358, -18.681227163202241, 0.0 ], [ 27.728743366765539, -18.680771676719282, 0.0 ], [ 27.728175051119781, -18.680508171203289, 0.0 ], [ 27.727605736057001, -18.680244192865821, 0.0 ], [ 27.726760250941201, -18.67993022678527, 0.0 ], [ 27.725913185175791, -18.679613808561811, 0.0 ], [ 27.725064749358591, -18.679295755811669, 0.0 ], [ 27.723504640489519, -18.67906425276081, 0.0 ], [ 27.721604691559559, -18.67904281371402, 0.0 ], [ 27.72094853883646, -18.67886837532296, 0.0 ], [ 27.7203915463081, -18.678766492774749, 0.0 ], [ 27.719476234695598, -18.678708137427108, 0.0 ], [ 27.718179146574052, -18.678525609057129, 0.0 ], [ 27.71754028445342, -18.678518110193838, 0.0 ], [ 27.716519198748671, -18.67838627691054, 0.0 ], [ 27.715957395154071, -18.678283686101281, 0.0 ], [ 27.715394970326631, -18.678180977721979, 0.0 ], [ 27.714448789993209, -18.677953391385671, 0.0 ], [ 27.713906967647759, -18.678018867851431, 0.0 ], [ 27.713206163595551, -18.678274844773352, 0.0 ], [ 27.711938667835049, -18.6784281835128, 0.0 ], [ 27.711757374347599, -18.678450116090289, 0.0 ], [ 27.710747980076331, -18.67848641074043, 0.0 ], [ 27.70963442192345, -18.678449222635951, 0.0 ], [ 27.708130813783448, -18.678286642267441, 0.0 ], [ 27.70735413887423, -18.678035753814981, 0.0 ], [ 27.706209209844761, -18.677828589809391, 0.0 ], [ 27.70584254772691, -18.677872606373509, 0.0 ], [ 27.704741174638961, -18.678004813750078, 0.0 ], [ 27.703982173668269, -18.677923072669739, 0.0 ], [ 27.703566749903239, -18.6776269537506, 0.0 ], [ 27.703150877501109, -18.677330516471422, 0.0 ], [ 27.702814916575949, -18.67693757540227, 0.0 ], [ 27.702424962572699, -18.676204220634769, 0.0 ], [ 27.702032286783059, -18.675469763308669, 0.0 ], [ 27.701638788638949, -18.674733769557172, 0.0 ], [ 27.701535214402181, -18.674049542604109, 0.0 ], [ 27.701298137378, -18.673728544195988, 0.0 ], [ 27.701034792050141, -18.6732357147791, 0.0 ], [ 27.70053315978609, -18.672419901697239, 0.0 ], [ 27.70008285507765, -18.671946489732331, 0.0 ], [ 27.699765251759469, -18.671106233057579, 0.0 ], [ 27.699366971721641, -18.670361120952322, 0.0 ], [ 27.699127504255301, -18.67003647611714, 0.0 ], [ 27.698914742026641, -18.669268103032049, 0.0 ], [ 27.698861583801701, -18.668921504763919, 0.0 ], [ 27.698487916140429, -18.668345617274891, 0.0 ], [ 27.69806012441363, -18.668039867085149, 0.0 ], [ 27.697283684794311, -18.66794925821571, 0.0 ], [ 27.696534072547951, -18.668651750301951, 0.0 ], [ 27.69589188620845, -18.669430615738289, 0.0 ], [ 27.69557085262139, -18.669819963064541, 0.0 ], [ 27.695116716448641, -18.6705773003386, 0.0 ], [ 27.694743024531451, -18.67123695389142, 0.0 ], [ 27.694369531563702, -18.671896254995978, 0.0 ], [ 27.694129040444249, -18.672187892772129, 0.0 ], [ 27.693863492203231, -18.672922358302909, 0.0 ], [ 27.693813395231601, -18.673807065013388, 0.0 ], [ 27.69373333844192, -18.673904127000661, 0.0 ], [ 27.692957591068041, -18.674432851553959, 0.0 ], [ 27.691993510528221, -18.6749836367471, 0.0 ], [ 27.69180546231614, -18.675005475069678, 0.0 ], [ 27.69081235756752, -18.675384376809259, 0.0 ], [ 27.689954841099151, -18.67601126237858, 0.0 ], [ 27.689577736515648, -18.676055288270771, 0.0 ], [ 27.688799659653249, -18.67658541549072, 0.0 ], [ 27.68834185881509, -18.676726868112532, 0.0 ], [ 27.68761065731011, -18.676988389995991, 0.0 ], [ 27.687257455417289, -18.677205692239809, 0.0 ], [ 27.686013065177519, -18.677879593063011, 0.0 ], [ 27.685664457768301, -18.678096414990868, 0.0 ], [ 27.684582153558971, -18.67857594005643, 0.0 ], [ 27.684202169725889, -18.67862088668674, 0.0 ], [ 27.6832792210351, -18.678906107775681, 0.0 ], [ 27.682545676192589, -18.679169081904131, 0.0 ], [ 27.68178315989346, -18.67925948628455, 0.0 ], [ 27.680718921654751, -18.679297470491338, 0.0 ], [ 27.679595390308251, -18.678989116563361, 0.0 ], [ 27.678166710757289, -18.678627125531971, 0.0 ], [ 27.676955316044271, -18.678415290226841, 0.0 ], [ 27.676126530695619, -18.678157766711159, 0.0 ], [ 27.67571156786116, -18.67802882985325, 0.0 ], [ 27.67507365271879, -18.677748059455698, 0.0 ], [ 27.674657694407099, -18.67761877198954, 0.0 ], [ 27.67424135413934, -18.67748936145102, 0.0 ], [ 27.673601230305639, -18.677207693221781, 0.0 ], [ 27.672878106169531, -18.677024246039661, 0.0 ], [ 27.67231690130205, -18.676643165502551, 0.0 ], [ 27.67189700751447, -18.67651306126481, 0.0 ], [ 27.671137218346789, -18.676153686442621, 0.0 ], [ 27.670716135226801, -18.676023154709569, 0.0 ], [ 27.669759137845979, -18.675685089167249, 0.0 ], [ 27.668409195649929, -18.675390871640349, 0.0 ], [ 27.666630359169648, -18.674964138952539, 0.0 ], [ 27.666008692437799, -18.674854646891831, 0.0 ], [ 27.665419502301422, -18.674921552472661, 0.0 ], [ 27.665351026706631, -18.67511324810787, 0.0 ] ] ] } },
{ "type": "Feature", "properties": { "Name": "Untitled Polygon", "description": null, "timestamp": null, "begin": null, "end": null, "altitudeMode": null, "tessellate": 1, "extrude": 0, "visibility": -1, "drawOrder": null, "icon": null, "AREA": null }, "geometry": { "type": "Polygon", "coordinates": [ [ [ 27.618116738805519, -18.603558262312159, 0.0 ], [ 27.639046971117171, -18.611544574037492, 0.0 ], [ 27.65288535881378, -18.607821714201229, 0.0 ], [ 27.657291919783638, -18.619307356856918, 0.0 ], [ 27.673998574864068, -18.632473915630829, 0.0 ], [ 27.67704931146449, -18.628817651505869, 0.0 ], [ 27.686166716923651, -18.625641285689849, 0.0 ], [ 27.69754288936668, -18.633200014710269, 0.0 ], [ 27.698351776864261, -18.624542672106141, 0.0 ], [ 27.701784954290591, -18.61268065410983, 0.0 ], [ 27.715854554076849, -18.60443733360885, 0.0 ], [ 27.730000781720118, -18.59702561260729, 0.0 ], [ 27.75289901208037, -18.605671246477382, 0.0 ], [ 27.747283007829509, -18.61808971604135, 0.0 ], [ 27.752808629661509, -18.630280242682669, 0.0 ], [ 27.762479449144141, -18.618621477688471, 0.0 ], [ 27.773335693449411, -18.62888321623749, 0.0 ], [ 27.786406619317859, -18.61964047738951, 0.0 ], [ 27.814281244038021, -18.620111866061681, 0.0 ], [ 27.839729927698471, -18.621232242550239, 0.0 ], [ 27.89305171897168, -18.614045871218771, 0.0 ], [ 27.876536147269409, -18.637564081994402, 0.0 ], [ 27.910330431877469, -18.636157539699109, 0.0 ], [ 27.936018469948412, -18.622395487696529, 0.0 ], [ 27.937792974036459, -18.6202462293626, 0.0 ], [ 27.946662645043482, -18.61295553480295, 0.0 ], [ 27.959466000741891, -18.62239024321671, 0.0 ], [ 27.963962406497568, -18.61607733620831, 0.0 ], [ 27.952968843268462, -18.597544852947209, 0.0 ], [ 27.92914791551809, -18.592394030426199, 0.0 ], [ 27.90506925322617, -18.58441574251038, 0.0 ], [ 27.873006305956189, -18.585540246689352, 0.0 ], [ 27.873830336114992, -18.591759163121861, 0.0 ], [ 27.865060098880889, -18.59243447174304, 0.0 ], [ 27.862709240105641, -18.584403416864021, 0.0 ], [ 27.838523290603689, -18.57786056830253, 0.0 ], [ 27.832460159441109, -18.583579963335669, 0.0 ], [ 27.82209941500594, -18.589120987692208, 0.0 ], [ 27.809402184402071, -18.582798001864791, 0.0 ], [ 27.808863757303079, -18.568651122786431, 0.0 ], [ 27.79355674613744, -18.563833522915779, 0.0 ], [ 27.771276144195671, -18.57274189030402, 0.0 ], [ 27.703044233730491, -18.58337332989823, 0.0 ], [ 27.686259173698929, -18.584362581611011, 0.0 ], [ 27.614852534510479, -18.59553290182097, 0.0 ], [ 27.618116738805519, -18.603558262312159, 0.0 ] ] ] } },
{ "type": "Feature", "properties": { "Name": "Untitled Polygon", "description": null, "timestamp": null, "begin": null, "end": null, "altitudeMode": null, "tessellate": 1, "extrude": 0, "visibility": -1, "drawOrder": null, "icon": null, "AREA": null }, "geometry": { "type": "Polygon", "coordinates": [ [ [ 27.94326874673655, -19.056524419937649, 0.0 ], [ 27.980233066839521, -19.078202444400521, 0.0 ], [ 28.020293003779909, -19.0815052649127, 0.0 ], [ 28.032881169422819, -19.078522018158541, 0.0 ], [ 28.05078870333783, -19.078377179618659, 0.0 ], [ 28.05873923771124, -19.10167801459901, 0.0 ], [ 28.109898296271421, -19.122199396940399, 0.0 ], [ 28.11492360784959, -19.103432887052922, 0.0 ], [ 28.136631464063711, -19.10438960697347, 0.0 ], [ 28.13778328885418, -19.124574169030168, 0.0 ], [ 28.20610767317547, -19.134161951189309, 0.0 ], [ 28.222203526795951, -19.12959689788299, 0.0 ], [ 28.2889050069893, -19.13564964329327, 0.0 ], [ 28.433763323891611, -19.155989536123322, 0.0 ], [ 28.431566192627528, -19.08159724586918, 0.0 ], [ 28.425283642738481, -19.08336531023026, 0.0 ], [ 28.267880152588639, -19.07172020541989, 0.0 ], [ 28.218059528709109, -19.06343869204127, 0.0 ], [ 28.215540607618681, -19.063234228267401, 0.0 ], [ 28.15543301290467, -19.043421518089179, 0.0 ], [ 28.149798210461981, -19.043513896030941, 0.0 ], [ 28.093276473593349, -19.036945015301271, 0.0 ], [ 28.090163304277429, -19.037260426530299, 0.0 ], [ 28.046808583312352, -19.042146165080741, 0.0 ], [ 28.04304042030547, -19.042024352005679, 0.0 ], [ 27.982627112516582, -19.027213527387079, 0.0 ], [ 27.958312070521249, -19.017679527688319, 0.0 ], [ 27.923730835473059, -19.021479149944, 0.0 ], [ 27.869517214208589, -19.005510954286571, 0.0 ], [ 27.86373152095711, -19.002330529718989, 0.0 ], [ 27.94326874673655, -19.056524419937649, 0.0 ] ] ] } },
{ "type": "Feature", "properties": { "Name": "Untitled Polygon", "description": null, "timestamp": null, "begin": null, "end": null, "altitudeMode": null, "tessellate": 1, "extrude": 0, "visibility": -1, "drawOrder": null, "icon": null, "AREA": null }, "geometry": { "type": "Polygon", "coordinates": [ [ [ 27.74205929433651, -19.013892951628311, 0.0 ], [ 27.74673589089657, -19.011538907871081, 0.0 ], [ 27.74768404526224, -19.007762571923049, 0.0 ], [ 27.746055885699761, -19.006149852916099, 0.0 ], [ 27.748194818535811, -19.000597385318351, 0.0 ], [ 27.750415977953029, -18.997090992886761, 0.0 ], [ 27.75150549489689, -18.994493786650601, 0.0 ], [ 27.750727596523831, -18.990634170110511, 0.0 ], [ 27.75236884803077, -18.986413417032011, 0.0 ], [ 27.755316149130572, -18.983186062680449, 0.0 ], [ 27.756562003408231, -18.980892215582809, 0.0 ], [ 27.75743267945127, -18.97339068042394, 0.0 ], [ 27.756885421779039, -18.969425359296011, 0.0 ], [ 27.75524785811341, -18.962195500992991, 0.0 ], [ 27.75090593086794, -18.95703763626404, 0.0 ], [ 27.747333724531451, -18.955750404728171, 0.0 ], [ 27.74373269839743, -18.95211544401198, 0.0 ], [ 27.7422797118594, -18.945911200715191, 0.0 ], [ 27.74556106803826, -18.94721868766721, 0.0 ], [ 27.74584751022055, -18.94667714896363, 0.0 ], [ 27.746278769837868, -18.944864364913741, 0.0 ], [ 27.746204337546679, -18.941789030247541, 0.0 ], [ 27.746015869992959, -18.940316374464839, 0.0 ], [ 27.74290194023687, -18.939075150896169, 0.0 ], [ 27.74425490032845, -18.930125367314769, 0.0 ], [ 27.744077919751369, -18.928858729319462, 0.0 ], [ 27.74565993445141, -18.92966570081931, 0.0 ], [ 27.747146412789071, -18.929921720718099, 0.0 ], [ 27.7492417433605, -18.929802914662321, 0.0 ], [ 27.752577864648561, -18.931388149412989, 0.0 ], [ 27.754504022896288, -18.934290111575891, 0.0 ], [ 27.755165780215311, -18.936080087485731, 0.0 ], [ 27.754448054726812, -18.93628004927259, 0.0 ], [ 27.753126277499181, -18.93582985378707, 0.0 ], [ 27.751107506366321, -18.933201677243311, 0.0 ], [ 27.750085113203681, -18.93309820465975, 0.0 ], [ 27.749261786513699, -18.934315718000079, 0.0 ], [ 27.748854539630621, -18.935449841544781, 0.0 ], [ 27.74981038124702, -18.936601144320399, 0.0 ], [ 27.75154948641967, -18.936951041615369, 0.0 ], [ 27.752288197714549, -18.936722691081449, 0.0 ], [ 27.754494316708151, -18.937699999917399, 0.0 ], [ 27.755234091827699, -18.937880372783798, 0.0 ], [ 27.75461553980767, -18.93939517181764, 0.0 ], [ 27.754700127722469, -18.939602102237291, 0.0 ], [ 27.75498639516308, -18.939828285208659, 0.0 ], [ 27.75504484033538, -18.93984129533095, 0.0 ], [ 27.755562463953911, -18.9398504077277, 0.0 ], [ 27.756000666863869, -18.939990207468949, 0.0 ], [ 27.756074270473029, -18.940189227356409, 0.0 ], [ 27.755747877356018, -18.94054911623909, 0.0 ], [ 27.75557064476677, -18.941230453077772, 0.0 ], [ 27.75648818646609, -18.94155190364344, 0.0 ], [ 27.756345209490139, -18.941886189261659, 0.0 ], [ 27.757381989761789, -18.94230546577683, 0.0 ], [ 27.757579877624089, -18.94210545805322, 0.0 ], [ 27.758154173458529, -18.941831223960591, 0.0 ], [ 27.758514940625972, -18.942130899198482, 0.0 ], [ 27.758687774367051, -18.942249224228181, 0.0 ], [ 27.75893376935581, -18.941893028047371, 0.0 ], [ 27.75982855273994, -18.94243672198699, 0.0 ], [ 27.759847502846881, -18.944587609799449, 0.0 ], [ 27.759257102086561, -18.9445072928212, 0.0 ], [ 27.76881451527003, -18.958983207038859, 0.0 ], [ 27.94756894358024, -19.099985985349861, 0.0 ], [ 27.7425133171641, -19.013897594617319, 0.0 ], [ 27.742887619142579, -19.013345144089669, 0.0 ], [ 27.74393427248533, -19.011123427646471, 0.0 ], [ 27.745756761465419, -19.007801666649641, 0.0 ], [ 27.746444336927048, -19.006129959632581, 0.0 ], [ 27.746979530663101, -19.003312307423261, 0.0 ], [ 27.74766453617605, -19.001601909559771, 0.0 ], [ 27.749328932575409, -18.996953311790829, 0.0 ], [ 27.750005233127069, -18.995171104740759, 0.0 ], [ 27.751521050699559, -18.992762573911669, 0.0 ], [ 27.752057052837131, -18.98978995436832, 0.0 ], [ 27.752751177893082, -18.98799074385078, 0.0 ], [ 27.75337154284583, -18.985584154964929, 0.0 ], [ 27.754074153228881, -18.98377274220255, 0.0 ], [ 27.75512458396226, -18.98081644413956, 0.0 ], [ 27.755853875748301, -18.979037339113241, 0.0 ], [ 27.75691677731724, -18.976051902309671, 0.0 ], [ 27.75860939120761, -18.974281106269881, 0.0 ], [ 27.760290660871942, -18.972451012298219, 0.0 ], [ 27.761500490667199, -18.97060337462856, 0.0 ], [ 27.76367037052534, -18.968756030947731, 0.0 ], [ 27.765370890000568, -18.966896781990162, 0.0 ], [ 27.765779737602141, -18.96627391032802, 0.0 ], [ 27.76551038727764, -18.968148027515589, 0.0 ], [ 27.764499467578631, -18.971868118551679, 0.0 ], [ 27.763759881326148, -18.973714220652049, 0.0 ], [ 27.76196025372964, -18.978600179974279, 0.0 ], [ 27.76062270944659, -18.983356331284678, 0.0 ], [ 27.758758824358178, -18.991105933574179, 0.0 ], [ 27.757338833900381, -18.994629180572741, 0.0 ], [ 27.755930555264161, -18.998123173656492, 0.0 ], [ 27.755306066612771, -19.000441869622019, 0.0 ], [ 27.75468008968911, -19.002734927280219, 0.0 ], [ 27.75328960905442, -19.006145500904541, 0.0 ], [ 27.752596657911269, -19.007836912461169, 0.0 ], [ 27.75076398776503, -19.011193924708369, 0.0 ], [ 27.750383698169259, -19.011749066423061, 0.0 ], [ 27.750228589025369, -19.013976250366191, 0.0 ], [ 27.750823387752138, -19.018404170667669, 0.0 ], [ 27.751044803111931, -19.020052457085391, 0.0 ], [ 27.752307625111658, -19.022789372240329, 0.0 ], [ 27.75318640505429, -19.026044183688541, 0.0 ], [ 27.753845762309229, -19.027662921587979, 0.0 ], [ 27.757884743797529, -19.031426475744901, 0.0 ], [ 27.76036533208843, -19.03356213320242, 0.0 ], [ 27.763774155607781, -19.03620900893802, 0.0 ], [ 27.76633597137203, -19.03933458925809, 0.0 ], [ 27.76789615377626, -19.041426821022672, 0.0 ], [ 27.769505717923089, -19.044019647131329, 0.0 ], [ 27.771644455592192, -19.047595512046868, 0.0 ], [ 27.772789179292818, -19.050127450899812, 0.0 ], [ 27.774843455108741, -19.053148440064248, 0.0 ], [ 27.77548736353469, -19.05514589460406, 0.0 ], [ 27.776609175974279, -19.057629712680029, 0.0 ], [ 27.778355449695962, -19.062061380268709, 0.0 ], [ 27.78119049286417, -19.060598547516239, 0.0 ], [ 27.78658799478788, -19.063547157699791, 0.0 ], [ 27.78927220755947, -19.065014780269369, 0.0 ], [ 27.791437616381099, -19.065507791843601, 0.0 ], [ 27.792793874184451, -19.066480268545462, 0.0 ], [ 27.795536565766099, -19.068899246599951, 0.0 ], [ 27.798268547329489, -19.071322859183219, 0.0 ], [ 27.8000660841792, -19.072765976545998, 0.0 ], [ 27.800136968794899, -19.073705930668929, 0.0 ], [ 27.800324351601631, -19.076080548044921, 0.0 ], [ 27.8025985232354, -19.078455433064661, 0.0 ], [ 27.805170990607071, -19.079408356445398, 0.0 ], [ 27.80946486379888, -19.08130320071999, 0.0 ], [ 27.813823974030019, -19.084581619273919, 0.0 ], [ 27.816415334682159, -19.08644090177344, 0.0 ], [ 27.817401210378279, -19.08920260151147, 0.0 ], [ 27.81753429124247, -19.091486448625989, 0.0 ], [ 27.816849328155239, -19.093753801703802, 0.0 ], [ 27.816548461812399, -19.095557420798919, 0.0 ], [ 27.816249512092622, -19.09735435389446, 0.0 ], [ 27.813893026197629, -19.0986843054866, 0.0 ], [ 27.811921436412931, -19.099569319881461, 0.0 ], [ 27.8095182036941, -19.100006606330361, 0.0 ], [ 27.80714958838707, -19.100887388420869, 0.0 ], [ 27.80687374550741, -19.102656856736491, 0.0 ], [ 27.807034435965431, -19.104858642079499, 0.0 ], [ 27.808399970548219, -19.107052739481219, 0.0 ], [ 27.808895514904609, -19.108364891771341, 0.0 ], [ 27.810220820812368, -19.11011079829164, 0.0 ], [ 27.811909951140919, -19.11141845080909, 0.0 ], [ 27.815613901820949, -19.11316219920722, 0.0 ], [ 27.818106125240082, -19.114887994188301, 0.0 ], [ 27.81932200045615, -19.115316763901529, 0.0 ], [ 27.820979297922431, -19.116593830960351, 0.0 ], [ 27.823856272936059, -19.11869583461435, 0.0 ], [ 27.824666638951129, -19.119115007374511, 0.0 ], [ 27.82750529431646, -19.1207874433759, 0.0 ], [ 27.831120598449079, -19.122469769848369, 0.0 ], [ 27.835488281230951, -19.123730886620091, 0.0 ], [ 27.837085257549511, -19.124565444152829, 0.0 ], [ 27.839461143290102, -19.12540017736794, 0.0 ], [ 27.840658691112221, -19.126228458007461, 0.0 ], [ 27.843035056984551, -19.12746827298643, 0.0 ], [ 27.845004372837, -19.12829301532194, 0.0 ], [ 27.846579980323661, -19.12911521448218, 0.0 ], [ 27.847382633666811, -19.130342523169091, 0.0 ], [ 27.848958167807702, -19.131565239904379, 0.0 ], [ 27.852846059814262, -19.132380359479988, 0.0 ], [ 27.855177405684628, -19.133192305068089, 0.0 ], [ 27.8571143021111, -19.13359812839164, 0.0 ], [ 27.86136734374351, -19.134408429639379, 0.0 ], [ 27.863683072594391, -19.134810800873868, 0.0 ], [ 27.864453518796129, -19.135213139543861, 0.0 ], [ 27.867152996629411, -19.135212351118302, 0.0 ], [ 27.869077238056612, -19.135613833501569, 0.0 ], [ 27.871384434213098, -19.13601471579134, 0.0 ], [ 27.87253415743341, -19.13641547428616, 0.0 ], [ 27.875228582564759, -19.136414543559319, 0.0 ], [ 27.877521033973402, -19.137214661859581, 0.0 ], [ 27.879817999872561, -19.137613554611629, 0.0 ], [ 27.88019231653287, -19.138012746871141, 0.0 ], [ 27.88325253400588, -19.138411079018059, 0.0 ], [ 27.886651586264119, -19.14000612873409, 0.0 ], [ 27.888508682852109, -19.141588133588009, 0.0 ], [ 27.891103914210881, -19.143557351528731, 0.0 ], [ 27.892198560592419, -19.14473126125937, 0.0 ], [ 27.898161176774039, -19.14708710090315, 0.0 ], [ 27.901464355599838, -19.149029549753038, 0.0 ], [ 27.903328954330998, -19.149422700058619, 0.0 ], [ 27.90592350642493, -19.150198151523089, 0.0 ], [ 27.90740970930603, -19.15057751077676, 0.0 ], [ 27.90966756224455, -19.15058723427466, 0.0 ], [ 27.91114813003098, -19.150973308511741, 0.0 ], [ 27.913706716380229, -19.152113805390439, 0.0 ], [ 27.916981407628619, -19.153627948653941, 0.0 ], [ 27.91957176981812, -19.154019306683178, 0.0 ], [ 27.922106443091849, -19.155150069927672, 0.0 ], [ 27.924315203406358, -19.15553660170476, 0.0 ], [ 27.93018159801505, -19.156687554422248, 0.0 ], [ 27.932008486433251, -19.1570692882981, 0.0 ], [ 27.935322400248349, -19.157453145371068, 0.0 ], [ 27.936774025626171, -19.157830138751709, 0.0 ], [ 27.939755042432662, -19.157828480801239, 0.0 ], [ 27.942364457861132, -19.157825257244308, 0.0 ], [ 27.9449814391286, -19.15781196907572, 0.0 ], [ 27.94797262756758, -19.157796709765591, 0.0 ], [ 27.952396319946651, -19.158169921370561, 0.0 ], [ 27.953884319757929, -19.158170420019939, 0.0 ], [ 27.958987169121009, -19.158926605086499, 0.0 ], [ 27.96185525558036, -19.15967638041618, 0.0 ], [ 27.964029567575889, -19.16004969818195, 0.0 ], [ 27.969205561655919, -19.160383817104929, 0.0 ], [ 27.972833360514691, -19.161095943886242, 0.0 ], [ 27.9754470633662, -19.161076054538391, 0.0 ], [ 27.977255761443971, -19.16143362634234, 0.0 ], [ 27.98017917401457, -19.161785318009262, 0.0 ], [ 27.982023718180599, -19.161789937967011, 0.0 ], [ 27.98418465163126, -19.16215791846323, 0.0 ], [ 27.985606402483551, -19.162523645880849, 0.0 ], [ 27.987394951446959, -19.16288991840641, 0.0 ], [ 27.989127543979791, -19.163616877032059, 0.0 ], [ 27.99060457586269, -19.16361563161092, 0.0 ], [ 27.99708171516777, -19.164688311489151, 0.0 ], [ 27.998471510994111, -19.16506683195577, 0.0 ], [ 27.999728987942021, -19.166172500224089, 0.0 ], [ 28.001640646355568, -19.167643424691789, 0.0 ], [ 28.003610825210931, -19.168747226936809, 0.0 ], [ 28.005867164016589, -19.170210046710569, 0.0 ], [ 28.006967158159039, -19.172014979436369, 0.0 ], [ 28.010003627039691, -19.174894394038169, 0.0 ], [ 28.01237666075339, -19.177389592118551, 0.0 ], [ 28.013601427031201, -19.178449382931959, 0.0 ], [ 28.016044136330461, -19.180557087804779, 0.0 ], [ 28.016884218469389, -19.181615684297899, 0.0 ], [ 28.019152018082028, -19.18267196113235, 0.0 ], [ 28.021771371513822, -19.183723961064931, 0.0 ], [ 28.022404276884689, -19.1840739229307, 0.0 ], [ 28.0275102304104, -19.1851202313836, 0.0 ], [ 28.02966393697605, -19.186511816869441, 0.0 ], [ 28.030375872619441, -19.186511461980071, 0.0 ], [ 28.03251887459248, -19.1878970270492, 0.0 ], [ 28.032786973990429, -19.188242651547569, 0.0 ], [ 28.032793757344461, -19.18962218100566, 0.0 ], [ 28.032187819997489, -19.192023149407021, 0.0 ], [ 28.031614289936901, -19.194395003305239, 0.0 ], [ 28.03021919213068, -19.194390767102629, 0.0 ], [ 28.02413811808864, -19.19337143744729, 0.0 ], [ 28.021739575148882, -19.193037467961329, 0.0 ], [ 28.021192314531479, -19.19235672309329, 0.0 ], [ 28.017250423658801, -19.190998814391321, 0.0 ], [ 28.01383039431364, -19.190331369358251, 0.0 ], [ 28.0115344977451, -19.189322663559562, 0.0 ], [ 28.008333583793782, -19.189328101736301, 0.0 ], [ 28.00655514617495, -19.189331099892971, 0.0 ], [ 28.005488036777049, -19.189332893560088, 0.0 ], [ 27.9980171231072, -19.189345273205181, 0.0 ], [ 27.994814718862919, -19.18935046336032, 0.0 ], [ 27.993959663406091, -19.190045564480339, 0.0 ], [ 27.99317472889561, -19.190394780717991, 0.0 ], [ 27.989254799107741, -19.190408027569749, 0.0 ], [ 27.98497873464235, -19.19042243009477, 0.0 ], [ 27.983131971566401, -19.19077401156045, 0.0 ], [ 27.980766700317801, -19.190090703633121, 0.0 ], [ 27.977912740279091, -19.190101498148969, 0.0 ], [ 27.97719864617984, -19.190104626486669, 0.0 ], [ 27.97448056858607, -19.189412263760921, 0.0 ], [ 27.971620010782889, -19.18942545320218, 0.0 ], [ 27.968819481199631, -19.189090061925459, 0.0 ], [ 27.965414701719311, -19.188059518273601, 0.0 ], [ 27.963313762116371, -19.18772578943026, 0.0 ], [ 27.96259515625383, -19.187730553239021, 0.0 ], [ 27.96018399568441, -19.187051135648169, 0.0 ], [ 27.95534813769466, -19.185688380840581, 0.0 ], [ 27.953956190772271, -19.185348078330868, 0.0 ], [ 27.950979845288739, -19.186066783671389, 0.0 ], [ 27.949226937926461, -19.185729265274631, 0.0 ], [ 27.943529115284829, -19.185401065365831, 0.0 ], [ 27.939621667796018, -19.1850657344783, 0.0 ], [ 27.937546772288929, -19.18437260553458, 0.0 ], [ 27.93470947633493, -19.184032148618869, 0.0 ], [ 27.931832466932079, -19.184042788571301, 0.0 ], [ 27.930034427063902, -19.184049403145231, 0.0 ], [ 27.928560845926249, -19.18440569434815, 0.0 ], [ 27.92474251209519, -19.183010960361582, 0.0 ], [ 27.923367452083561, -19.182310114207169, 0.0 ], [ 27.92235132703847, -19.181605141810831, 0.0 ], [ 27.920313429054989, -19.180189428383649, 0.0 ], [ 27.91926013418864, -19.179836031974649, 0.0 ], [ 27.917904490862341, -19.178768534523581, 0.0 ], [ 27.915789585417791, -19.178058276497548, 0.0 ], [ 27.91512209300231, -19.177342428912951, 0.0 ], [ 27.912327630892818, -19.175910077842271, 0.0 ], [ 27.90985942159308, -19.174832660034259, 0.0 ], [ 27.907413650445129, -19.173376892630291, 0.0 ], [ 27.907124163072311, -19.172281659408139, 0.0 ], [ 27.906517429274789, -19.17044794757723, 0.0 ], [ 27.906249822014018, -19.168973702918372, 0.0 ], [ 27.905245175186909, -19.167492303341149, 0.0 ], [ 27.90460361247813, -19.166006864363641, 0.0 ], [ 27.90321661448839, -19.164522098593981, 0.0 ], [ 27.901822579973189, -19.163033024858301, 0.0 ], [ 27.900401543618521, -19.16191284655326, 0.0 ], [ 27.89934797527194, -19.160788057405998, 0.0 ], [ 27.896090038174119, -19.158915217651369, 0.0 ], [ 27.894292730668688, -19.157410200033571, 0.0 ], [ 27.890626964248, -19.15553259086629, 0.0 ], [ 27.88840256091995, -19.154789705270922, 0.0 ], [ 27.88617391560695, -19.154045392520569, 0.0 ], [ 27.884681672895528, -19.15367622035502, 0.0 ], [ 27.883929057840952, -19.153683319972419, 0.0 ], [ 27.880173276154839, -19.153682974767339, 0.0 ], [ 27.87754461155539, -19.153677647017059, 0.0 ], [ 27.874908417908109, -19.154055568001151, 0.0 ], [ 27.87339421357547, -19.154817861166599, 0.0 ], [ 27.872263405304771, -19.155197675496471, 0.0 ], [ 27.86925211619128, -19.156335474842109, 0.0 ], [ 27.867754694038251, -19.156333007177679, 0.0 ], [ 27.864749371639729, -19.15862494870451, 0.0 ], [ 27.860379983657118, -19.161887132650481, 0.0 ], [ 27.85742288532828, -19.160994465208852, 0.0 ], [ 27.85428536244434, -19.160786835126132, 0.0 ], [ 27.85411547726677, -19.16055778606691, 0.0 ], [ 27.851118792246599, -19.159866930637811, 0.0 ], [ 27.850269735594821, -19.159635288321141, 0.0 ], [ 27.850098985577191, -19.159403719618251, 0.0 ], [ 27.8489613538916, -19.159406911857719, 0.0 ], [ 27.847156850207401, -19.159401237984579, 0.0 ], [ 27.844489940346971, -19.159169243956921, 0.0 ], [ 27.842724317202919, -19.15893936989184, 0.0 ], [ 27.841688278531329, -19.158477059904889, 0.0 ], [ 27.84069930547961, -19.15778126446563, 0.0 ], [ 27.839283802865111, -19.158014963303462, 0.0 ], [ 27.838597221533011, -19.15801830916411, 0.0 ], [ 27.836679949955201, -19.157329752142591, 0.0 ], [ 27.833661655393861, -19.155231414521239, 0.0 ], [ 27.83214505746972, -19.15357704501508, 0.0 ], [ 27.830384801855601, -19.15191044703802, 0.0 ], [ 27.83001185119609, -19.151431341587742, 0.0 ], [ 27.828566472176739, -19.15047215904211, 0.0 ], [ 27.827771903261681, -19.149746124145111, 0.0 ], [ 27.82678685191329, -19.148772918438919, 0.0 ], [ 27.8252219430655, -19.14706420620465, 0.0 ], [ 27.823522030199211, -19.14607910910944, 0.0 ], [ 27.821535841174601, -19.14680906583126, 0.0 ], [ 27.819087700077191, -19.147538714057589, 0.0 ], [ 27.81835100369214, -19.1477815638194, 0.0 ], [ 27.817652851153479, -19.14778013799215, 0.0 ], [ 27.81691660370825, -19.148023578701569, 0.0 ], [ 27.815103991379431, -19.14923953600848, 0.0 ], [ 27.81287249494828, -19.150208065314409, 0.0 ], [ 27.811876285285599, -19.1506907077082, 0.0 ], [ 27.809688662028531, -19.151417719803138, 0.0 ], [ 27.808040392656618, -19.15165505098895, 0.0 ], [ 27.806949809538288, -19.151172461384629, 0.0 ], [ 27.806382192906892, -19.15020639683496, 0.0 ], [ 27.805730403322489, -19.148024967148181, 0.0 ], [ 27.80486510013414, -19.145579390771871, 0.0 ], [ 27.803312156029431, -19.1428573244274, 0.0 ], [ 27.80319401249502, -19.141858804873351, 0.0 ], [ 27.80218540664514, -19.140352799419741, 0.0 ], [ 27.801169862758119, -19.13883638560468, 0.0 ], [ 27.800596181587331, -19.13756561150937, 0.0 ], [ 27.799990807917531, -19.136544652170549, 0.0 ], [ 27.799622517707501, -19.13551891727052, 0.0 ], [ 27.79901215759293, -19.134488533955519, 0.0 ], [ 27.799068208643291, -19.133968951681439, 0.0 ], [ 27.79848390035864, -19.132666544400799, 0.0 ], [ 27.797196219399581, -19.13109503721234, 0.0 ], [ 27.794097555406541, -19.13056889945112, 0.0 ], [ 27.790946850912182, -19.130564764808931, 0.0 ], [ 27.787307547442811, -19.1305688927253, 0.0 ], [ 27.785831815533161, -19.130833434225899, 0.0 ], [ 27.785045640408509, -19.131621193210488, 0.0 ], [ 27.78420503985944, -19.13318783426919, 0.0 ], [ 27.78340704249063, -19.13422702617466, 0.0 ], [ 27.78261274163388, -19.13526138899649, 0.0 ], [ 27.781325697906571, -19.136548161728651, 0.0 ], [ 27.780268266371191, -19.13808159692385, 0.0 ], [ 27.77924868423268, -19.139102440680009, 0.0 ], [ 27.77702093732054, -19.140611462656249, 0.0 ], [ 27.774138096250159, -19.14135837540076, 0.0 ], [ 27.771758796812481, -19.141609815713359, 0.0 ], [ 27.770762384619069, -19.13731411300849, 0.0 ], [ 27.770689194763388, -19.133454164436849, 0.0 ], [ 27.770340103212849, -19.130309777177182, 0.0 ], [ 27.769985443300168, -19.127124115008058, 0.0 ], [ 27.769143624434911, -19.12362340265064, 0.0 ], [ 27.768764488424729, -19.120618487198971, 0.0 ], [ 27.7664474438706, -19.115614800126021, 0.0 ], [ 27.76500212951774, -19.113633814286551, 0.0 ], [ 27.76304601278791, -19.111349124934218, 0.0 ], [ 27.761312990449049, -19.109613842876641, 0.0 ], [ 27.760059798226639, -19.108744087249988, 0.0 ], [ 27.757283680206911, -19.10700404160475, 0.0 ], [ 27.755507023077818, -19.105832642922941, 0.0 ], [ 27.753976328878849, -19.104950843132499, 0.0 ], [ 27.752182680023179, -19.10436158574711, 0.0 ], [ 27.749099276381148, -19.103768996651961, 0.0 ], [ 27.744725392272631, -19.10347212714488, 0.0 ], [ 27.74214784337379, -19.10317877567369, 0.0 ], [ 27.74188462041009, -19.102882199147292, 0.0 ], [ 27.739817435777521, -19.102586215230669, 0.0 ], [ 27.73798061911139, -19.10139604546147, 0.0 ], [ 27.73480846875896, -19.099294021484141, 0.0 ], [ 27.73291172846557, -19.097176693995351, 0.0 ], [ 27.73182009140157, -19.09595514592359, 0.0 ], [ 27.730157430485459, -19.093794558904101, 0.0 ], [ 27.728742250230599, -19.091610050567549, 0.0 ], [ 27.725943732546831, -19.088474051457801, 0.0 ], [ 27.722539556404051, -19.08466700039904, 0.0 ], [ 27.721144836663349, -19.083708426436591, 0.0 ], [ 27.719906587290861, -19.085307761924849, 0.0 ], [ 27.719208801615899, -19.08689849061771, 0.0 ], [ 27.71853641708314, -19.088793825123641, 0.0 ], [ 27.717889820783519, -19.09098425712547, 0.0 ], [ 27.716569549366191, -19.094692611891649, 0.0 ], [ 27.715288983270661, -19.098638410060222, 0.0 ], [ 27.713961299501019, -19.101634460058769, 0.0 ], [ 27.712907520143009, -19.10459656677164, 0.0 ], [ 27.711819744069171, -19.106945020097211, 0.0 ], [ 27.711153650349232, -19.10811381562986, 0.0 ], [ 27.709831354933812, -19.110433993626749, 0.0 ], [ 27.70892208036285, -19.111585168926801, 0.0 ], [ 27.708495629462959, -19.11244511189151, 0.0 ], [ 27.70784548636842, -19.11358662967756, 0.0 ], [ 27.707280046236459, -19.115572399832779, 0.0 ], [ 27.706746394333791, -19.117819950318228, 0.0 ], [ 27.706135762829689, -19.119213868969641, 0.0 ], [ 27.705721488181169, -19.120046048873789, 0.0 ], [ 27.70533667973266, -19.121151162320039, 0.0 ], [ 27.7061625791662, -19.121977752141781, 0.0 ], [ 27.70721032102837, -19.122538809273411, 0.0 ], [ 27.707819368349409, -19.123655288979279, 0.0 ], [ 27.708671422897101, -19.124767219870101, 0.0 ], [ 27.709978708888091, -19.12558971128367, 0.0 ], [ 27.71156922135977, -19.12693687886615, 0.0 ], [ 27.7131092534317, -19.130332065888339, 0.0 ], [ 27.714065367336229, -19.13222247619122, 0.0 ], [ 27.715444981394601, -19.13457178556801, 0.0 ], [ 27.716815299318739, -19.13690521107014, 0.0 ], [ 27.718638677540369, -19.14013376790313, 0.0 ], [ 27.719942666137971, -19.14196193579696, 0.0 ], [ 27.7206834037374, -19.146032581227381, 0.0 ], [ 27.720546323533402, -19.14871777462864, 0.0 ], [ 27.719702083905151, -19.151821948150069, 0.0 ], [ 27.719156923552831, -19.154022409324739, 0.0 ], [ 27.718241246848809, -19.156200691725399, 0.0 ], [ 27.717242708897381, -19.1574803824073, 0.0 ], [ 27.71661971421436, -19.15876153581026, 0.0 ], [ 27.71541987027042, -19.16173230561569, 0.0 ], [ 27.71431136705165, -19.165517065564021, 0.0 ], [ 27.71419553963451, -19.168038579409391, 0.0 ], [ 27.714534684069509, -19.17139218200349, 0.0 ], [ 27.71482866841561, -19.174299198211809, 0.0 ], [ 27.715398488666171, -19.176362218223971, 0.0 ], [ 27.715563414683601, -19.17800182295835, 0.0 ], [ 27.717046963887501, -19.18207132095085, 0.0 ], [ 27.718393471390279, -19.184886344836439, 0.0 ], [ 27.719373287564739, -19.187675430367989, 0.0 ], [ 27.719878863201188, -19.189258302807421, 0.0 ], [ 27.720809156292429, -19.191619157051122, 0.0 ], [ 27.720882704910871, -19.192401151144079, 0.0 ], [ 27.72176887416213, -19.19435135599084, 0.0 ], [ 27.72300262439672, -19.196297623476571, 0.0 ], [ 27.724613136304839, -19.198618708306689, 0.0 ], [ 27.725413999005799, -19.199772875793862, 0.0 ], [ 27.726278597826269, -19.201683859590631, 0.0 ], [ 27.727863665426991, -19.20396570421563, 0.0 ], [ 27.728623232014389, -19.204732295610182, 0.0 ], [ 27.729817592670489, -19.206617880526981, 0.0 ], [ 27.732108414740932, -19.209569909865269, 0.0 ], [ 27.73250866052253, -19.210308441832279, 0.0 ], [ 27.734045232352241, -19.212515085805659, 0.0 ], [ 27.736408531565981, -19.216879984038929, 0.0 ], [ 27.73765385546886, -19.220112491562059, 0.0 ], [ 27.737779634106712, -19.221892038308109, 0.0 ], [ 27.73855237051735, -19.223315014920299, 0.0 ], [ 27.738726626740981, -19.225785784810689, 0.0 ], [ 27.738849794555112, -19.227537252917749, 0.0 ], [ 27.739043151659299, -19.230313012761009, 0.0 ], [ 27.73918729202968, -19.23237964014163, 0.0 ], [ 27.739311185509852, -19.234102636789601, 0.0 ], [ 27.73945886929333, -19.236157226872471, 0.0 ], [ 27.739579685320699, -19.23785470438504, 0.0 ], [ 27.739276064061961, -19.242860634980872, 0.0 ], [ 27.739136759436221, -19.245494947604222, 0.0 ], [ 27.73909898850011, -19.249423006057789, 0.0 ], [ 27.738484258761769, -19.253967808260661, 0.0 ], [ 27.73716636528604, -19.25747931160786, 0.0 ], [ 27.735754543688309, -19.259678616913479, 0.0 ], [ 27.73432532742957, -19.261546177916308, 0.0 ], [ 27.73374514054208, -19.262164420587482, 0.0 ], [ 27.732075344278702, -19.26464533766077, 0.0 ], [ 27.72942931305769, -19.26649400072246, 0.0 ], [ 27.728581146354241, -19.26741569477208, 0.0 ], [ 27.72773571906674, -19.26833439480443, 0.0 ], [ 27.72683359780882, -19.26864087479499, 0.0 ], [ 27.726523154388829, -19.268641339311941, 0.0 ], [ 27.72875379310657, -19.269247371110449, 0.0 ], [ 27.731847365318188, -19.269931493288961, 0.0 ], [ 27.697559486522209, -19.328177827511329, 0.0 ], [ 27.6960992284573, -19.332255492944309, 0.0 ], [ 27.695338380626559, -19.33399145900669, 0.0 ], [ 27.69437246825321, -19.337995539978831, 0.0 ], [ 27.693675890452909, -19.3402439617313, 0.0 ], [ 27.692913245948329, -19.3419203150013, 0.0 ], [ 27.69229767544423, -19.344717223754628, 0.0 ], [ 27.692098554184451, -19.346948549367401, 0.0 ], [ 27.691491196678431, -19.349719631443261, 0.0 ], [ 27.691703235180359, -19.35137775583269, 0.0 ], [ 27.692741665724199, -19.355772790346229, 0.0 ], [ 27.69444457617643, -19.357960216709571, 0.0 ], [ 27.696341836708129, -19.361759639382189, 0.0 ], [ 27.698091115570431, -19.36445551270489, 0.0 ], [ 27.69888923566732, -19.367128792800649, 0.0 ], [ 27.700151091980182, -19.369788303691301, 0.0 ], [ 27.700874442570349, -19.371902343421208, 0.0 ], [ 27.702931126426812, -19.37348978163708, 0.0 ], [ 27.704109943562219, -19.37558810897891, 0.0 ], [ 27.705456930063331, -19.37921668472854, 0.0 ], [ 27.705633451500461, -19.380759265672481, 0.0 ], [ 27.70541047630185, -19.382812731118531, 0.0 ], [ 27.705767438927669, -19.385877440054159, 0.0 ], [ 27.706462485705501, -19.387910244081851, 0.0 ], [ 27.708011266244061, -19.389432795383929, 0.0 ], [ 27.711782873403632, -19.39045621698299, 0.0 ], [ 27.713665047996649, -19.390966958082629, 0.0 ], [ 27.715544781787969, -19.391476968526192, 0.0 ], [ 27.718842257929609, -19.39249468192358, 0.0 ], [ 27.721172539626341, -19.39300926938634, 0.0 ], [ 27.723090145946252, -19.394013827747241, 0.0 ], [ 27.726004276548618, -19.396012791093131, 0.0 ], [ 27.727547158211731, -19.39799795687863, 0.0 ], [ 27.729578103747759, -19.40046638261207, 0.0 ], [ 27.732085185266399, -19.403398949470532, 0.0 ], [ 27.733636948703769, -19.405822345003539, 0.0 ], [ 27.734124691864071, -19.406303218102089, 0.0 ], [ 27.734321474597301, -19.408696978119639, 0.0 ], [ 27.734116038532701, -19.411561894484311, 0.0 ], [ 27.733871567557451, -19.413933321134792, 0.0 ], [ 27.733628481668301, -19.416291344113429, 0.0 ], [ 27.73334623158841, -19.418166952981689, 0.0 ], [ 27.733508050470519, -19.42004033122635, 0.0 ], [ 27.732952303597258, -19.42375983533946, 0.0 ], [ 27.732554428012001, -19.42422182427072, 0.0 ], [ 27.73202399244953, -19.42794242017137, 0.0 ], [ 27.731760662356081, -19.429789462105798, 0.0 ], [ 27.731174689789729, -19.432960371506489, 0.0 ], [ 27.731456552808691, -19.436107459706509, 0.0 ], [ 27.731656650880129, -19.438340306672892, 0.0 ], [ 27.731895218792129, -19.441003922616861, 0.0 ], [ 27.732181068591899, -19.444107190208289, 0.0 ], [ 27.732939589136301, -19.44764201082976, 0.0 ], [ 27.73360027326796, -19.45025359001691, 0.0 ], [ 27.734333786706671, -19.453708841587229, 0.0 ], [ 27.735866503981871, -19.456712879374461, 0.0 ], [ 27.737807100333661, -19.459694998271509, 0.0 ], [ 27.738371411938552, -19.461387126996641, 0.0 ], [ 27.73937990209371, -19.463481262935542, 0.0 ], [ 27.73996646208391, -19.46556244248832, 0.0 ], [ 27.74048472511824, -19.46680929560997, 0.0 ], [ 27.741070344471009, -19.468880924244569, 0.0 ], [ 27.742444915282849, -19.470529883127181, 0.0 ], [ 27.747175413813299, -19.472997651618702, 0.0 ], [ 27.750999452357082, -19.474640109546939, 0.0 ], [ 27.75272505879672, -19.475859424307099, 0.0 ], [ 27.756926798854259, -19.4774797987148, 0.0 ], [ 27.7610650565524, -19.478289707653801, 0.0 ], [ 27.764420545085549, -19.47990292142169, 0.0 ], [ 27.767335868191111, -19.48111085956198, 0.0 ], [ 27.77061028263882, -19.481511294626628, 0.0 ], [ 27.772644735749669, -19.481512148860819, 0.0 ], [ 27.77509890700237, -19.481905122743239, 0.0 ], [ 27.777970578804361, -19.48269352212186, 0.0 ], [ 27.778795566694949, -19.483088022717791, 0.0 ], [ 27.78168232709039, -19.484662659934809, 0.0 ], [ 27.783749217564921, -19.486232192632411, 0.0 ], [ 27.785404518080579, -19.487796038782829, 0.0 ], [ 27.786238867254848, -19.48896542543109, 0.0 ], [ 27.787492089872149, -19.490917787355841, 0.0 ], [ 27.788722872624071, -19.492087938163511, 0.0 ], [ 27.790728414435449, -19.492084865167829, 0.0 ], [ 27.793140428700529, -19.492126466659538, 0.0 ], [ 27.795542594269289, -19.491749304023301, 0.0 ], [ 27.797143645187109, -19.491367492753639, 0.0 ], [ 27.799549139818961, -19.490989688401331, 0.0 ], [ 27.80155132675684, -19.489821378444091, 0.0 ], [ 27.802756356739259, -19.489429754138389, 0.0 ], [ 27.805169868004821, -19.48903664810739, 0.0 ], [ 27.806779498218859, -19.489035251719962, 0.0 ], [ 27.8083890946005, -19.48903379136015, 0.0 ], [ 27.809186765918842, -19.490204848248229, 0.0 ], [ 27.811590136697749, -19.490981801843478, 0.0 ], [ 27.812396842682858, -19.49059165992519, 0.0 ], [ 27.81442493028668, -19.489028281490121, 0.0 ], [ 27.816864611238401, -19.487458009162019, 0.0 ], [ 27.818484669887749, -19.48706331778693, 0.0 ], [ 27.82092215512122, -19.48627340150421, 0.0 ], [ 27.825002991821719, -19.484689419799039, 0.0 ], [ 27.82949329393114, -19.483495425086119, 0.0 ], [ 27.835183347139271, -19.483091755145601, 0.0 ], [ 27.84130411837636, -19.482289048432079, 0.0 ], [ 27.844207698201139, -19.481089105432879, 0.0 ], [ 27.847098055990219, -19.480285834742109, 0.0 ], [ 27.850066134244582, -19.47827544479561, 0.0 ], [ 27.851822535461729, -19.476255889392931, 0.0 ], [ 27.854514245691711, -19.47259419566274, 0.0 ], [ 27.857091882588239, -19.470953765898471, 0.0 ], [ 27.85965116351009, -19.469718026758681, 0.0 ], [ 27.861744469690962, -19.469303604624919, 0.0 ], [ 27.864253834948229, -19.468886587281709, 0.0 ], [ 27.865906449991378, -19.468883416075471, 0.0 ], [ 27.86800607311233, -19.468466691488668, 0.0 ], [ 27.86972918391157, -19.46763646920374, 0.0 ], [ 27.871565350661701, -19.465555231427469, 0.0 ], [ 27.874850451231872, -19.461359349523931, 0.0 ], [ 27.880518557066399, -19.45454861165631, 0.0 ], [ 27.88233025316298, -19.453256608770939, 0.0 ], [ 27.88521946745492, -19.449786581855491, 0.0 ], [ 27.889126033140879, -19.444967489599531, 0.0 ], [ 27.89107067060424, -19.442760689214371, 0.0 ], [ 27.89345482379942, -19.440540339218899, 0.0 ], [ 27.895801376861041, -19.438753866110439, 0.0 ], [ 27.897193661234549, -19.437857023189569, 0.0 ], [ 27.898589084825129, -19.436958135865119, 0.0 ], [ 27.900418745190908, -19.436056046564669, 0.0 ], [ 27.902849528404879, -19.43379756458441, 0.0 ], [ 27.905784067182719, -19.43107116642112, 0.0 ], [ 27.910697109516001, -19.426891166252741, 0.0 ], [ 27.917069134516769, -19.422160812521611, 0.0 ], [ 27.920458668348179, -19.420213601402271, 0.0 ], [ 27.923753626202359, -19.418786183330869, 0.0 ], [ 27.92690014806886, -19.418321035259009, 0.0 ], [ 27.930490105169788, -19.417855652999201, 0.0 ], [ 27.93657983165501, -19.41551374046815, 0.0 ], [ 27.938494751138531, -19.414572995911499, 0.0 ], [ 27.942091057941671, -19.411684845128189, 0.0 ], [ 27.943233332275369, -19.410231641175312, 0.0 ], [ 27.944912631980799, -19.408284160739559, 0.0 ], [ 27.94606499378612, -19.406818369309971, 0.0 ], [ 27.948195342936529, -19.404866926130559, 0.0 ], [ 27.950421254948338, -19.402417593918319, 0.0 ], [ 27.952305663711851, -19.399451114605341, 0.0 ], [ 27.954567856288332, -19.396957826859861, 0.0 ], [ 27.957206062840189, -19.39494805602974, 0.0 ], [ 27.961320446301301, -19.392417637988959, 0.0 ], [ 27.962328969907841, -19.391908750297109, 0.0 ], [ 27.967990732747371, -19.386296581584741, 0.0 ], [ 27.972799023093781, -19.380618425529661, 0.0 ], [ 27.975278116457261, -19.377492005733099, 0.0 ], [ 27.976623442759362, -19.375404988858079, 0.0 ], [ 27.9783368136052, -19.37382887183016, 0.0 ], [ 27.980884526184429, -19.3727665290216, 0.0 ], [ 27.982611121544331, -19.37118050322335, 0.0 ], [ 27.9852823216705, -19.36958292993129, 0.0 ], [ 27.990037441951571, -19.366896269886059, 0.0 ], [ 27.993234577139692, -19.367637650389369, 0.0 ], [ 27.99816498703348, -19.360788187211948, 0.0 ], [ 27.99882869305215, -19.35926133047677, 0.0 ], [ 28.000159333533531, -19.356199847971698, 0.0 ], [ 28.003012811177278, -19.352352879548938, 0.0 ], [ 28.004473442289662, -19.350808037269871, 0.0 ], [ 28.008135600035889, -19.346934675270671, 0.0 ], [ 28.015723984526691, -19.342249633994101, 0.0 ], [ 28.019532246205589, -19.339898238654651, 0.0 ], [ 28.024094022270091, -19.336756384424, 0.0 ], [ 28.025581987166959, -19.335181596086699, 0.0 ], [ 28.02786717377974, -19.33359584865082, 0.0 ], [ 28.030052347427731, -19.330424701762301, 0.0 ], [ 28.036291063848299, -19.328011404146441, 0.0 ], [ 28.037041637921519, -19.32721294113389, 0.0 ], [ 28.040898943767068, -19.32480453082254, 0.0 ], [ 28.044766520635971, -19.322389404476759, 0.0 ], [ 28.04556829277865, -19.32238496653417, 0.0 ], [ 28.048644480373259, -19.319967683411889, 0.0 ], [ 28.05253281628725, -19.31753930948409, 0.0 ], [ 28.056471794087301, -19.315909134436989, 0.0 ], [ 28.05957345528838, -19.31347385138314, 0.0 ], [ 28.061876662028951, -19.311036068527649, 0.0 ], [ 28.065765468391259, -19.307770593133551, 0.0 ], [ 28.06811959555872, -19.306130946387821, 0.0 ], [ 28.07203022285125, -19.302847378946819, 0.0 ], [ 28.074331432390021, -19.299561215483919, 0.0 ], [ 28.076609484503241, -19.295440048150041, 0.0 ], [ 28.078897884350638, -19.29129985431004, 0.0 ], [ 28.082010034753221, -19.287117428772959, 0.0 ], [ 28.086773369975219, -19.282893159962491, 0.0 ], [ 28.09158516880035, -19.279489264043889, 0.0 ], [ 28.095640702427371, -19.27776617353824, 0.0 ], [ 28.10052650671896, -19.276031479179611, 0.0 ], [ 28.102932932074498, -19.273471339671399, 0.0 ], [ 28.106977420953449, -19.270037824051371, 0.0 ], [ 28.10859295624633, -19.268325064749082, 0.0 ], [ 28.111854235977439, -19.265801701514679, 0.0 ], [ 28.115965257603619, -19.264114872660489, 0.0 ], [ 28.119265637560691, -19.263268529104231, 0.0 ], [ 28.123376647322601, -19.260728388076611, 0.0 ], [ 28.12665606388013, -19.257265245771588, 0.0 ], [ 28.129955645303319, -19.254593427644391, 0.0 ], [ 28.133266485171522, -19.251982166785201, 0.0 ], [ 28.136585997653039, -19.249388402299431, 0.0 ], [ 28.14074846984424, -19.24680330305096, 0.0 ], [ 28.144918472761251, -19.24165560803349, 0.0 ], [ 28.146593776996411, -19.239029928186639, 0.0 ], [ 28.146594820577992, -19.2346547420089, 0.0 ], [ 28.147438836394389, -19.2293722359573, 0.0 ], [ 28.14828653521608, -19.224946628153621, 0.0 ], [ 28.150829384900781, -19.221379750419629, 0.0 ], [ 28.155069034580752, -19.21957310413449, 0.0 ], [ 28.161845442301541, -19.219531265833592, 0.0 ], [ 28.166927664487019, -19.219499788537011, 0.0 ], [ 28.171162543793631, -19.219474936689181, 0.0 ], [ 28.18466957790115, -19.21933407448072, 0.0 ], [ 28.18589729711033, -19.21902371395441, 0.0 ], [ 28.18743935187921, -19.218107403350821, 0.0 ], [ 28.188382399082169, -19.21628374872153, 0.0 ], [ 28.189643553294111, -19.214142168803821, 0.0 ], [ 28.190593560456669, -19.212603597730929, 0.0 ], [ 28.191548059862409, -19.21105743756479, 0.0 ], [ 28.192190597416911, -19.20981618895895, 0.0 ], [ 28.193458183780042, -19.20856504053803, 0.0 ], [ 28.195070129901541, -19.20605650617351, 0.0 ], [ 28.195709605364069, -19.205424421579469, 0.0 ], [ 28.196976493704099, -19.20478577525704, 0.0 ], [ 28.19827314753601, -19.203192568766831, 0.0 ], [ 28.19990244624514, -19.201262840674019, 0.0 ], [ 28.200563135679499, -19.200294970056682, 0.0 ], [ 28.20123651255626, -19.199001727985319, 0.0 ], [ 28.20064626064649, -19.197714353437352, 0.0 ], [ 28.199102010071151, -19.19643012706014, 0.0 ], [ 28.1975516251931, -19.1951407793402, 0.0 ], [ 28.196305206611171, -19.194171083196611, 0.0 ], [ 28.194098780508909, -19.193206842311181, 0.0 ], [ 28.192198791329378, -19.192566177240309, 0.0 ], [ 28.18869276165659, -19.19227522882775, 0.0 ], [ 28.18518906356476, -19.191328336202179, 0.0 ], [ 28.18295467626745, -19.190694318549809, 0.0 ], [ 28.1794353698874, -19.189743055890879, 0.0 ], [ 28.176547970600609, -19.188781304506719, 0.0 ], [ 28.1746160187596, -19.187805990227751, 0.0 ], [ 28.16975970013419, -19.185195161842131, 0.0 ], [ 28.169109792173721, -19.184867935728871, 0.0 ], [ 28.165102739321529, -19.18175760078806, 0.0 ], [ 28.163046823923189, -19.181773216822052, 0.0 ], [ 28.16009731681514, -19.181272442184689, 0.0 ], [ 28.157792073810569, -19.18024188324134, 0.0 ], [ 28.149408973266969, -19.17874164264768, 0.0 ], [ 28.14504584346582, -19.177706337051958, 0.0 ], [ 28.140139524567498, -19.17668375481831, 0.0 ], [ 28.138712309038159, -19.176167039369211, 0.0 ], [ 28.136091837575819, -19.176212898501049, 0.0 ], [ 28.132179969578981, -19.175196481059221, 0.0 ], [ 28.128680764093339, -19.17469147744491, 0.0 ], [ 28.125694321991158, -19.174182842381189, 0.0 ], [ 28.12270738262913, -19.173671768757519, 0.0 ], [ 28.120245334299341, -19.173148390366059, 0.0 ], [ 28.11719330456598, -19.173129257176651, 0.0 ], [ 28.11330250653312, -19.17206486054523, 0.0 ], [ 28.111225316621791, -19.17208331338616, 0.0 ], [ 28.10966718032336, -19.172097515404431, 0.0 ], [ 28.106551435593161, -19.172125810154601, 0.0 ], [ 28.105512781014699, -19.172135369085542, 0.0 ], [ 28.101519526377562, -19.17114105554101, 0.0 ], [ 28.0999669217431, -19.171150092664529, 0.0 ], [ 28.09653209267751, -19.17010875777958, 0.0 ], [ 28.095589457917502, -19.16958275070693, 0.0 ], [ 28.091534533711549, -19.16907420755237, 0.0 ], [ 28.08973156873575, -19.167485131749629, 0.0 ], [ 28.08679382225306, -19.166432592067199, 0.0 ], [ 28.085323127991721, -19.16590504732628, 0.0 ], [ 28.083504653421091, -19.164305611066169, 0.0 ], [ 28.080639745540751, -19.162704032347289, 0.0 ], [ 28.07881138664554, -19.16109058885025, 0.0 ], [ 28.074795576027679, -19.16003208187206, 0.0 ], [ 28.072260795569449, -19.15950540908014, 0.0 ], [ 28.070692467500759, -19.159512461557501, 0.0 ], [ 28.067183493132909, -19.158450333163159, 0.0 ], [ 28.064043917509991, -19.158464409589978, 0.0 ], [ 28.061048399259921, -19.15739764256703, 0.0 ], [ 28.057452105441239, -19.1568727517454, 0.0 ], [ 28.054969802469049, -19.15580027198542, 0.0 ], [ 28.050907063110351, -19.15473251084687, 0.0 ], [ 28.04893855622311, -19.153653164304711, 0.0 ], [ 28.04755759045316, -19.152023032160709, 0.0 ], [ 28.046312597583061, -19.149274803187531, 0.0 ], [ 28.04561394264578, -19.14647538775063, 0.0 ], [ 28.04403735670466, -19.142001246952741, 0.0 ], [ 28.043247609716929, -19.139743546729761, 0.0 ], [ 28.043101740027161, -19.136834703369491, 0.0 ], [ 28.04392036806259, -19.134533758124721, 0.0 ], [ 28.04473498734783, -19.13223454314863, 0.0 ], [ 28.046772671752361, -19.12876173252738, 0.0 ], [ 28.047194118244828, -19.125284604760921, 0.0 ], [ 28.046522860732491, -19.121805301152619, 0.0 ], [ 28.04347502918759, -19.120058278545692, 0.0 ], [ 28.039665094774389, -19.120085526578119, 0.0 ], [ 28.037488210502151, -19.120101029099342, 0.0 ], [ 28.036398788861991, -19.120110596911111, 0.0 ], [ 28.03136680684926, -19.12133869482134, 0.0 ], [ 28.028583889096801, -19.121954090276219, 0.0 ], [ 28.026777901208259, -19.123716745307359, 0.0 ], [ 28.024374688030861, -19.126066498243709, 0.0 ], [ 28.021490560524381, -19.127847286208091, 0.0 ], [ 28.01861720737363, -19.12962142149653, 0.0 ], [ 28.015866350200799, -19.130225117921661, 0.0 ], [ 28.013064572183289, -19.131409646290329, 0.0 ], [ 28.010913162102401, -19.131425888342481, 0.0 ], [ 28.006610884396689, -19.131458327892481, 0.0 ], [ 28.002309457762291, -19.131490649933159, 0.0 ], [ 27.99495783603389, -19.129217951401259, 0.0 ], [ 27.947044735348879, -19.101148917393409, 0.0 ], [ 27.944630462773361, -19.10116097647731, 0.0 ], [ 27.942713885708471, -19.10174894319314, 0.0 ], [ 27.94211224630833, -19.101751359692951, 0.0 ], [ 27.940448692586891, -19.1026256569154, 0.0 ], [ 27.939637854087149, -19.103780765594369, 0.0 ], [ 27.93664318515961, -19.10379253162148, 0.0 ], [ 27.93604430885237, -19.103794875699808, 0.0 ], [ 27.93424782916172, -19.10380191486615, 0.0 ], [ 27.932837484090751, -19.10323852222896, 0.0 ], [ 27.930213865158521, -19.102685333337291, 0.0 ], [ 27.92904084737642, -19.102413916281218, 0.0 ], [ 27.927051531373909, -19.101311479587292, 0.0 ], [ 27.926222000365321, -19.1007465871512, 0.0 ], [ 27.925728100003159, -19.099893798392589, 0.0 ], [ 27.923201605281101, -19.098466007597931, 0.0 ], [ 27.92146537408281, -19.09789336605445, 0.0 ], [ 27.923036613196089, -19.09731860686049, 0.0 ], [ 27.92559284991675, -19.096159783590409, 0.0 ], [ 27.925749219471509, -19.094991459208259, 0.0 ], [ 27.925562772727289, -19.094113092641489, 0.0 ], [ 27.925070252232299, -19.09323376763215, 0.0 ], [ 27.923419578208492, -19.091775391744111, 0.0 ], [ 27.922259552120341, -19.09119947168664, 0.0 ], [ 27.920518950132241, -19.090330978121749, 0.0 ], [ 27.920214910372831, -19.09033046693472, 0.0 ], [ 27.918519988761648, -19.08914646318236, 0.0 ], [ 27.91694246033023, -19.086769406046312, 0.0 ], [ 27.91663528667863, -19.086770022215429, 0.0 ], [ 27.91587283800985, -19.085274123946899, 0.0 ], [ 27.915383032966069, -19.084072305182531, 0.0 ], [ 27.91560590545587, -19.081953974656901, 0.0 ], [ 27.916123043972679, -19.080109720428041, 0.0 ], [ 27.915800097180512, -19.077336500646741, 0.0 ], [ 27.915332648914362, -19.075795230887859, 0.0 ], [ 27.915051071438999, -19.07548634068139, 0.0 ], [ 27.913918055787779, -19.07425228359357, 0.0 ], [ 27.9108525796427, -19.073345792634491, 0.0 ], [ 27.90864043646835, -19.073368620086349, 0.0 ], [ 27.907066112843449, -19.073377056481771, 0.0 ], [ 27.904975014679849, -19.072129405577709, 0.0 ], [ 27.903772855661071, -19.07149767221345, 0.0 ], [ 27.90259088096138, -19.070553679561151, 0.0 ], [ 27.901086618443809, -19.0696112147814, 0.0 ], [ 27.900211875184681, -19.068662954961979, 0.0 ], [ 27.899651935182721, -19.06771023790316, 0.0 ], [ 27.8985025491024, -19.066116680207148, 0.0 ], [ 27.895955885504218, -19.06612865098154, 0.0 ], [ 27.895001780050041, -19.066131301381429, 0.0 ], [ 27.892439900603481, -19.066453004172551, 0.0 ], [ 27.891446084476939, -19.067094508865662, 0.0 ], [ 27.889279849593251, -19.06614398679142, 0.0 ], [ 27.888736583487049, -19.064543292279321, 0.0 ], [ 27.888493121973521, -19.063252986084429, 0.0 ], [ 27.888586769914941, -19.06163335655064, 0.0 ], [ 27.888022062582952, -19.06032755737133, 0.0 ], [ 27.887116083257869, -19.05934305052299, 0.0 ], [ 27.88592560580171, -19.057682448193589, 0.0 ], [ 27.882789957249379, -19.05572967773363, 0.0 ], [ 27.880608681190441, -19.054045045441399, 0.0 ], [ 27.878700417970879, -19.053061964253811, 0.0 ], [ 27.877425089701411, -19.052405203148151, 0.0 ], [ 27.87678649133677, -19.052076321439131, 0.0 ], [ 27.875867622820731, -19.050417860641769, 0.0 ], [ 27.875298395059399, -19.04834271075568, 0.0 ], [ 27.874680801857082, -19.047316376930489, 0.0 ], [ 27.874073660747641, -19.045939370131681, 0.0 ], [ 27.873451484691699, -19.044904759386029, 0.0 ], [ 27.87118788042191, -19.043529410719731, 0.0 ], [ 27.86956669244125, -19.04249055178844, 0.0 ], [ 27.868257932170021, -19.041825795790309, 0.0 ], [ 27.867263061080429, -19.041847099078719, 0.0 ], [ 27.864611849492722, -19.04190381779269, 0.0 ], [ 27.863618286581261, -19.041925066282172, 0.0 ], [ 27.86229406416663, -19.04195337154, 0.0 ], [ 27.860962481743648, -19.042667230129389, 0.0 ], [ 27.858976483459418, -19.043356761107791, 0.0 ], [ 27.857655670136069, -19.04370052351236, 0.0 ], [ 27.856013789300299, -19.04266032924475, 0.0 ], [ 27.85370487591819, -19.04195973868287, 0.0 ], [ 27.852713423540859, -19.04126327333972, 0.0 ], [ 27.85370790161312, -19.039866154790161, 0.0 ], [ 27.85503822101165, -19.038778100679519, 0.0 ], [ 27.855045548581881, -19.03696700492673, 0.0 ], [ 27.85505276810262, -19.034824060923551, 0.0 ], [ 27.85472465993368, -19.032668662766898, 0.0 ], [ 27.854057747289069, -19.030158213623949, 0.0 ], [ 27.853384697219081, -19.028377701928811, 0.0 ], [ 27.851353535864209, -19.026634267101851, 0.0 ], [ 27.850671241388351, -19.025190488111271, 0.0 ], [ 27.849987778307039, -19.024110482484879, 0.0 ], [ 27.84963673075347, -19.02191288990635, 0.0 ], [ 27.849625262435779, -19.01968918498747, 0.0 ], [ 27.849958520125661, -19.01780891292697, 0.0 ], [ 27.850292421015361, -19.015560140067311, 0.0 ], [ 27.850289381418829, -19.014810780873081, 0.0 ], [ 27.851317760685291, -19.012522665168081, 0.0 ], [ 27.850964964041509, -19.010259061626339, 0.0 ], [ 27.850612535097639, -19.008745121181231, 0.0 ], [ 27.84990827416641, -19.00684658996197, 0.0 ], [ 27.84954986097334, -19.00492046053397, 0.0 ], [ 27.848840860406568, -19.003377592998969, 0.0 ], [ 27.847039600837029, -18.997879489648021, 0.0 ], [ 27.838135128518811, -18.98922128986565, 0.0 ], [ 27.837339821135359, -18.988987884277851, 0.0 ], [ 27.836916199667399, -18.988986621652771, 0.0 ], [ 27.83619950088708, -18.988868729216279, 0.0 ], [ 27.835402661038788, -18.988631785392091, 0.0 ], [ 27.834547410696619, -18.988635245767099, 0.0 ], [ 27.833738845175869, -18.988406335457299, 0.0 ], [ 27.83305872500009, -18.98805949403414, 0.0 ], [ 27.83188178709463, -18.987481189267601, 0.0 ], [ 27.831646350579891, -18.987013287267139, 0.0 ], [ 27.83045896724304, -18.98642879532823, 0.0 ], [ 27.829330963423232, -18.985985841732731, 0.0 ], [ 27.82865403759082, -18.985418750377541, 0.0 ], [ 27.828454944906579, -18.985302934526121, 0.0 ], [ 27.827393085638821, -18.98508859030439, 0.0 ], [ 27.826760068052721, -18.984972082826289, 0.0 ], [ 27.82634303609349, -18.984855564338009, 0.0 ], [ 27.82594098051824, -18.98462311516154, 0.0 ], [ 27.825522853809382, -18.984506226734709, 0.0 ], [ 27.824500281956968, -18.984034773649942, 0.0 ], [ 27.823876654241101, -18.98380092729445, 0.0 ], [ 27.823454713859231, -18.983684837460562, 0.0 ], [ 27.822314502967199, -18.983209695850331, 0.0 ], [ 27.82167380354646, -18.983089955885209, 0.0 ], [ 27.821360730706129, -18.982969582908179, 0.0 ], [ 27.82085446392643, -18.982613131668149, 0.0 ], [ 27.820284441378529, -18.98188220909995, 0.0 ], [ 27.819748639246871, -18.981760605865471, 0.0 ], [ 27.819013852611668, -18.981405221838681, 0.0 ], [ 27.818582963954341, -18.981290013562219, 0.0 ], [ 27.818262956004521, -18.981172713830698, 0.0 ], [ 27.817932048589508, -18.98117286370022, 0.0 ], [ 27.81738046023122, -18.981173113355641, 0.0 ], [ 27.81638291046265, -18.981184463872051, 0.0 ], [ 27.81605228034325, -18.98118412878252, 0.0 ], [ 27.815558467783749, -18.980571018651371, 0.0 ], [ 27.815618941279901, -18.979948228330372, 0.0 ], [ 27.815688386086361, -18.979204463056469, 0.0 ], [ 27.81566258182044, -18.978319648524849, 0.0 ], [ 27.815260117767831, -18.977819206824449, 0.0 ], [ 27.814822576429108, -18.977694697354199, 0.0 ], [ 27.81438585925833, -18.97756644193683, 0.0 ], [ 27.814049245716941, -18.977566724472549, 0.0 ], [ 27.813612901891691, -18.977435007058489, 0.0 ], [ 27.812860564365039, -18.97704537533847, 0.0 ], [ 27.812083308937321, -18.976916904757541, 0.0 ], [ 27.811643839921281, -18.97678542465135, 0.0 ], [ 27.810411258294579, -18.976665996230309, 0.0 ], [ 27.809628859435129, -18.976545129197479, 0.0 ], [ 27.808401484080541, -18.976298659062081, 0.0 ], [ 27.807722262182139, -18.976307411492179, 0.0 ], [ 27.806824503162229, -18.976186980675429, 0.0 ], [ 27.805827044296109, -18.97579949315675, 0.0 ], [ 27.805268495344141, -18.97566417247263, 0.0 ], [ 27.804375272298831, -18.97539512337379, 0.0 ], [ 27.803711405791269, -18.974995448738451, 0.0 ], [ 27.802805778748329, -18.974874935020779, 0.0 ], [ 27.801442244929969, -18.974775249733518, 0.0 ], [ 27.80019756998114, -18.974516309839579, 0.0 ], [ 27.799744920653819, -18.974386105491991, 0.0 ], [ 27.799175642643849, -18.974386783439851, 0.0 ], [ 27.79872209386502, -18.974256432969021, 0.0 ], [ 27.797810715842552, -18.974257512466188, 0.0 ], [ 27.797584062432371, -18.974126722545389, 0.0 ], [ 27.796900120279499, -18.9741275284211, 0.0 ], [ 27.796102618379841, -18.973874252673561, 0.0 ], [ 27.795532070471818, -18.973750391207929, 0.0 ], [ 27.795074737925809, -18.97348388299725, 0.0 ], [ 27.794616759518672, -18.97334757090611, 0.0 ], [ 27.794158206735901, -18.973209666389671, 0.0 ], [ 27.7938147510101, -18.973207810091029, 0.0 ], [ 27.793126292678298, -18.973075548239589, 0.0 ], [ 27.792437147558569, -18.972945240701659, 0.0 ], [ 27.791632567081361, -18.972815347420529, 0.0 ], [ 27.790827050826788, -18.972685256251559, 0.0 ], [ 27.790361561232519, -18.972418722418549, 0.0 ], [ 27.789894894568921, -18.97215110215318, 0.0 ], [ 27.789307498088771, -18.971744403534021, 0.0 ], [ 27.788843118574629, -18.971617205814621, 0.0 ], [ 27.78837765601159, -18.97148520051805, 0.0 ], [ 27.787676062796312, -18.971220111060529, 0.0 ], [ 27.786858174485431, -18.97096102604441, 0.0 ], [ 27.786390857364289, -18.970832128363011, 0.0 ], [ 27.785564001151311, -18.9704360312105, 0.0 ], [ 27.78509499031135, -18.97030658572065, 0.0 ], [ 27.784850232830561, -18.970036911730691, 0.0 ], [ 27.784481878348949, -18.969631239591379, 0.0 ], [ 27.784220821727171, -18.96908265262535, 0.0 ], [ 27.783600442498599, -18.968394122342239, 0.0 ], [ 27.78311725816879, -18.9681189617509, 0.0 ], [ 27.78177788126828, -18.967288634889218, 0.0 ], [ 27.78139654683218, -18.966860212458329, 0.0 ], [ 27.780895952222171, -18.9664323106614, 0.0 ], [ 27.780383619307099, -18.965860617606189, 0.0 ], [ 27.77896364590508, -18.96428449486794, 0.0 ], [ 27.768516600817581, -18.958638930280181, 0.0 ], [ 27.768492537688871, -18.95860712207779, 0.0 ], [ 27.768339262153791, -18.958447412013118, 0.0 ], [ 27.768209335970379, -18.95831881274189, 0.0 ], [ 27.768176024981909, -18.958189921529179, 0.0 ], [ 27.768101882483471, -18.95809275748773, 0.0 ], [ 27.768052823016941, -18.958027264879892, 0.0 ], [ 27.7679374388537, -18.95782981642726, 0.0 ], [ 27.767835335224699, -18.957565532215941, 0.0 ], [ 27.767824926928061, -18.957466426846711, 0.0 ], [ 27.767692760556329, -18.957167198150142, 0.0 ], [ 27.767589918347721, -18.957031933884121, 0.0 ], [ 27.767078492927709, -18.956448066182379, 0.0 ], [ 27.76697228974508, -18.95630855357788, 0.0 ], [ 27.766892226138442, -18.956203378034591, 0.0 ], [ 27.766750762942699, -18.95606243045572, 0.0 ], [ 27.766608459665779, -18.955920645636191, 0.0 ], [ 27.76654099445588, -18.955742381528431, 0.0 ], [ 27.766486103655559, -18.955670990720019, 0.0 ], [ 27.76638998753409, -18.955455080656598, 0.0 ], [ 27.766341357243441, -18.95534673159003, 0.0 ], [ 27.7662994013962, -18.95520147311759, 0.0 ], [ 27.766187229149971, -18.955055688360851, 0.0 ], [ 27.76597586697801, -18.954872592842261, 0.0 ], [ 27.765840073865011, -18.954650515065332, 0.0 ], [ 27.765718713277732, -18.954538997286981, 0.0 ], [ 27.765540785406539, -18.95434891297074, 0.0 ], [ 27.76546276766091, -18.954193373743671, 0.0 ], [ 27.765440966474479, -18.954115816325551, 0.0 ], [ 27.7653459084055, -18.953842910251961, 0.0 ], [ 27.76527882715882, -18.953606746067141, 0.0 ], [ 27.765269612363131, -18.95344830878312, 0.0 ], [ 27.765176985320998, -18.953131020338319, 0.0 ], [ 27.76515355387453, -18.9530512328922, 0.0 ], [ 27.76516217677155, -18.952770113964089, 0.0 ], [ 27.765144500878861, -18.95264959119217, 0.0 ], [ 27.765152009956822, -18.952366172309429, 0.0 ], [ 27.765183814879141, -18.95216182772608, 0.0 ], [ 27.765210309853529, -18.951995512012719, 0.0 ], [ 27.765230637531289, -18.951869403372068, 0.0 ], [ 27.765166823345201, -18.951571771556932, 0.0 ], [ 27.76515650940545, -18.951400717843551, 0.0 ], [ 27.765170178637621, -18.95131461300037, 0.0 ], [ 27.76495813067217, -18.951228293667761, 0.0 ], [ 27.764822216740349, -18.95088054938336, 0.0 ], [ 27.76467115564208, -18.950617429300149, 0.0 ], [ 27.764556794817629, -18.950617814171942, 0.0 ], [ 27.764207668715539, -18.950663107613931, 0.0 ], [ 27.764125658675681, -18.950707044220639, 0.0 ], [ 27.76384373316608, -18.95083548531542, 0.0 ], [ 27.763762188226242, -18.950879402149539, 0.0 ], [ 27.763447459503379, -18.950969082153801, 0.0 ], [ 27.763323222697931, -18.95105669926663, 0.0 ], [ 27.763044564979289, -18.951184726508369, 0.0 ], [ 27.762692351661201, -18.951311404154129, 0.0 ], [ 27.762420669550991, -18.951396353266201, 0.0 ], [ 27.762227889564439, -18.95144204365149, 0.0 ], [ 27.762110734636622, -18.95148641724419, 0.0 ], [ 27.761805819971521, -18.951533994885089, 0.0 ], [ 27.761569484018619, -18.951663772168551, 0.0 ], [ 27.761491057732869, -18.951706597703861, 0.0 ], [ 27.761293831422929, -18.951834311438869, 0.0 ], [ 27.7608846767302, -18.951835439009379, 0.0 ], [ 27.760773277345422, -18.951834991856039, 0.0 ], [ 27.76059071630738, -18.951791376867298, 0.0 ], [ 27.76021951001119, -18.95178718324917, 0.0 ], [ 27.760070890406009, -18.951785951447711, 0.0 ], [ 27.759959409872831, -18.951785027252669, 0.0 ], [ 27.75980847945139, -18.951825722412849, 0.0 ], [ 27.759585627644601, -18.951823879779841, 0.0 ], [ 27.759644135904399, -18.951401807608988, 0.0 ], [ 27.74205929433651, -19.013892951628311, 0.0 ] ] ] } },
{ "type": "Feature", "properties": { "Name": "Untitled Polygon", "description": null, "timestamp": null, "begin": null, "end": null, "altitudeMode": null, "tessellate": 1, "extrude": 0, "visibility": -1, "drawOrder": null, "icon": null, "AREA": null }, "geometry": { "type": "Polygon", "coordinates": [ [ [ 27.41604170341969, -18.650035009078081, 0.0 ], [ 27.414653509969462, -18.655065882846419, 0.0 ], [ 27.414686664211231, -18.659060538571161, 0.0 ], [ 27.415739309662879, -18.66401862195228, 0.0 ], [ 27.4165761932571, -18.667960471789439, 0.0 ], [ 27.416013338340338, -18.672871682442661, 0.0 ], [ 27.415176548162059, -18.676685186840579, 0.0 ], [ 27.412730248305429, -18.68046836820702, 0.0 ], [ 27.41271234246366, -18.684251498690099, 0.0 ], [ 27.413086748848979, -18.689893146788052, 0.0 ], [ 27.41226796283788, -18.693622117393449, 0.0 ], [ 27.41264173248134, -18.699192448470111, 0.0 ], [ 27.416407580035969, -18.70198865339891, 0.0 ], [ 27.41898455337563, -18.70292820777798, 0.0 ], [ 27.42454723824466, -18.702967682739359, 0.0 ], [ 27.428093498325971, -18.704827858731711, 0.0 ], [ 27.42882891664587, -18.708492329098021, 0.0 ], [ 27.428771376980841, -18.712133207902461, 0.0 ], [ 27.428531448043081, -18.714850625519691, 0.0 ], [ 27.4253311793953, -18.718439581755671, 0.0 ], [ 27.425267046266811, -18.722011257374191, 0.0 ], [ 27.42752237440348, -18.725547285668799, 0.0 ], [ 27.431601877001832, -18.726450512372072, 0.0 ], [ 27.435228599296948, -18.729100208594151, 0.0 ], [ 27.439457433145581, -18.73087246990244, 0.0 ], [ 27.443059413815611, -18.733506143357001, 0.0 ], [ 27.448201302611821, -18.736139569672311, 0.0 ], [ 27.450843608945391, -18.73788525865546, 0.0 ], [ 27.46384362565254, -18.74140933915643, 0.0 ], [ 27.47994349322018, -18.74504357997851, 0.0 ], [ 27.492740170924581, -18.747776731001391, 0.0 ], [ 27.50059841770133, -18.748732881177219, 0.0 ], [ 27.50458400093288, -18.749634230886191, 0.0 ], [ 27.5085485569013, -18.750510041801231, 0.0 ], [ 27.511085723725071, -18.752209863703129, 0.0 ], [ 27.5173963877487, -18.754501782229291, 0.0 ], [ 27.524549309455459, -18.75628887906058, 0.0 ], [ 27.529266753031362, -18.757190913926799, 0.0 ], [ 27.533977252107359, -18.758091578120361, 0.0 ], [ 27.537152012456911, -18.75897681915394, 0.0 ], [ 27.538680834825829, -18.75899074175544, 0.0 ], [ 27.545668562807951, -18.75990917459994, 0.0 ], [ 27.55035646028978, -18.760805336075141, 0.0 ], [ 27.55502375811708, -18.761673678553649, 0.0 ], [ 27.559670577725338, -18.762512862315951, 0.0 ], [ 27.56368266056657, -18.764262531313161, 0.0 ], [ 27.56519994241453, -18.764267223707389, 0.0 ], [ 27.56927069616378, -18.766809907068961, 0.0 ], [ 27.57407612628986, -18.76933399483255, 0.0 ], [ 27.57744056015876, -18.772676359955071, 0.0 ], [ 27.580025707513649, -18.77597639786628, 0.0 ], [ 27.584850603289379, -18.77926715974521, 0.0 ], [ 27.589581313622649, -18.78173494029831, 0.0 ], [ 27.592725991020089, -18.783375235744959, 0.0 ], [ 27.595182926256332, -18.785809161057699, 0.0 ], [ 27.59912379047374, -18.788240762836349, 0.0 ], [ 27.603046794509201, -18.790652742674109, 0.0 ], [ 27.608504944568811, -18.793857026257641, 0.0 ], [ 27.619294255403371, -18.799434652849239, 0.0 ], [ 27.629289216035009, -18.80504628808788, 0.0 ], [ 27.63456947074804, -18.806716212140259, 0.0 ], [ 27.637625542000119, -18.80835888842795, 0.0 ], [ 27.642910262148028, -18.810755518153691, 0.0 ], [ 27.64897883906713, -18.8146665805208, 0.0 ], [ 27.65278783216019, -18.817777080979109, 0.0 ], [ 27.657378893263399, -18.822413958011811, 0.0 ], [ 27.659662965810799, -18.82472069559741, 0.0 ], [ 27.66042263438878, -18.825487866486469, 0.0 ], [ 27.662858982802529, -18.831588254589619, 0.0 ], [ 27.665156611833631, -18.834649417903581, 0.0 ], [ 27.669690815888941, -18.839976277784189, 0.0 ], [ 27.677756223891429, -18.84523403976581, 0.0 ], [ 27.682865400116381, -18.84894988355137, 0.0 ], [ 27.690062407831071, -18.851916501007882, 0.0 ], [ 27.697951213890391, -18.855615952713968, 0.0 ], [ 27.702228021962618, -18.857094548617329, 0.0 ], [ 27.705778784883609, -18.857836813054039, 0.0 ], [ 27.70932533722441, -18.858578139905688, 0.0 ], [ 27.711447868173689, -18.85858449680055, 0.0 ], [ 27.713556696318001, -18.85639656607135, 0.0 ], [ 27.72064418189947, -18.85861169296739, 0.0 ], [ 27.725595054416541, -18.858620781673341, 0.0 ], [ 27.729838171656681, -18.85864458700431, 0.0 ], [ 27.734080955306851, -18.858654708763211, 0.0 ], [ 27.735487667580902, -18.859388376967331, 0.0 ], [ 27.740424261554189, -18.860126924676749, 0.0 ], [ 27.742531782517052, -18.860859538415792, 0.0 ], [ 27.74816416436521, -18.861596754890609, 0.0 ], [ 27.75378995286756, -18.86233296793035, 0.0 ], [ 27.757295414728709, -18.86306494917811, 0.0 ], [ 27.76150103467015, -18.863797072847799, 0.0 ], [ 27.76431758760825, -18.863801215786481, 0.0 ], [ 27.76642988805698, -18.8638042538335, 0.0 ], [ 27.772710858011461, -18.86526244630176, 0.0 ], [ 27.776901134985941, -18.86598787082206, 0.0 ], [ 27.778979040795178, -18.866711056708191, 0.0 ], [ 27.78242610407224, -18.868154814080889, 0.0 ], [ 27.786602001874169, -18.868876025560901, 0.0 ], [ 27.790773255019179, -18.86959631868957, 0.0 ], [ 27.79568078610798, -18.8695972226894, 0.0 ], [ 27.799186132051179, -18.869597770822718, 0.0 ], [ 27.802691320052691, -18.869598476985459, 0.0 ], [ 27.80703674992148, -18.867438605288289, 0.0 ], [ 27.81285270212987, -18.86454757535822, 0.0 ], [ 27.816526482575512, -18.862370742613219, 0.0 ], [ 27.821517833405139, -18.861637260295041, 0.0 ], [ 27.822984827404461, -18.86090677289328, 0.0 ], [ 27.827221681367611, -18.86090024531326, 0.0 ], [ 27.829458364930431, -18.859437811546481, 0.0 ], [ 27.832407775971909, -18.857970916006821, 0.0 ], [ 27.835883806501421, -18.858696901749479, 0.0 ], [ 27.84147725056696, -18.859418561385318, 0.0 ], [ 27.84565147374769, -18.860141670162349, 0.0 ], [ 27.849045047055661, -18.861593543428729, 0.0 ], [ 27.851020768777019, -18.863044941671159, 0.0 ], [ 27.85214111798139, -18.865949177551119, 0.0 ], [ 27.852699432627581, -18.867396419967079, 0.0 ], [ 27.853111822388861, -18.870281186559779, 0.0 ], [ 27.854774336329282, -18.874584406145772, 0.0 ], [ 27.854410633807799, -18.878148564816961, 0.0 ], [ 27.854121103194931, -18.88098574875238, 0.0 ], [ 27.84786786801363, -18.880985317641411, 0.0 ], [ 27.84647821923982, -18.880985203870871, 0.0 ], [ 27.842871904369812, -18.88239879386218, 0.0 ], [ 27.840595332237939, -18.884513677216681, 0.0 ], [ 27.83562063872569, -18.885919325264901, 0.0 ], [ 27.83059755829197, -18.888022190347922, 0.0 ], [ 27.828408463556531, -18.889420414971621, 0.0 ], [ 27.82467759904452, -18.89290295774024, 0.0 ], [ 27.823989105746609, -18.892902845323679, 0.0 ], [ 27.82107390689383, -18.894983112236918, 0.0 ], [ 27.816897208626351, -18.895675672433679, 0.0 ], [ 27.814050364488399, -18.897055499816041, 0.0 ], [ 27.812532356101428, -18.899119381920229, 0.0 ], [ 27.811521056203649, -18.903892830467068, 0.0 ], [ 27.81124413271127, -18.907955526513689, 0.0 ], [ 27.81160217333084, -18.91266208548355, 0.0 ], [ 27.812096048987829, -18.9153357529025, 0.0 ], [ 27.813940364859359, -18.917995744529431, 0.0 ], [ 27.817606326418549, -18.923283858741399, 0.0 ], [ 27.818803486515669, -18.925259210369688, 0.0 ], [ 27.823503189498091, -18.925262971056561, 0.0 ], [ 27.826188582367561, -18.925265036294601, 0.0 ], [ 27.833629536032731, -18.92461324584831, 0.0 ], [ 27.83497273332074, -18.924614250646751, 0.0 ], [ 27.838508129933551, -18.922640713885741, 0.0 ], [ 27.84199304211446, -18.92132249083329, 0.0 ], [ 27.845550756886318, -18.919335003128861, 0.0 ], [ 27.847703586692241, -18.918006431025692, 0.0 ], [ 27.84938134411879, -18.914673067634141, 0.0 ], [ 27.85188062304459, -18.909977232990741, 0.0 ], [ 27.85283056859971, -18.907278526216039, 0.0 ], [ 27.853784454101419, -18.904568587429381, 0.0 ], [ 27.855970314455909, -18.903209292438341, 0.0 ], [ 27.85952800274876, -18.901847079663359, 0.0 ], [ 27.86431428182313, -18.901845892411512, 0.0 ], [ 27.86689877719861, -18.90320692330614, 0.0 ], [ 27.869477968406279, -18.904565006218728, 0.0 ], [ 27.872209286681471, -18.904561669683421, 0.0 ], [ 27.875543310790281, -18.905236598345851, 0.0 ], [ 27.88032084076935, -18.905230566479659, 0.0 ], [ 27.88168587502533, -18.905228836451219, 0.0 ], [ 27.888424323880059, -18.905898478892681, 0.0 ], [ 27.892428582523639, -18.906570841946699, 0.0 ], [ 27.89711030033601, -18.90724150512078, 0.0 ], [ 27.901787259512609, -18.907911383447871, 0.0 ], [ 27.904416969794081, -18.908583359181659, 0.0 ], [ 27.906458082177931, -18.908581841596831, 0.0 ], [ 27.907524079599611, -18.90587499237245, 0.0 ], [ 27.90937523436806, -18.90247528857309, 0.0 ], [ 27.911238927231039, -18.89905492885125, 0.0 ], [ 27.913499097812629, -18.897677893465701, 0.0 ], [ 27.91655783193292, -18.895604179950091, 0.0 ], [ 27.918834860580329, -18.894214708042561, 0.0 ], [ 27.92307464580685, -18.89351448058606, 0.0 ], [ 27.924919709771359, -18.89489968853227, 0.0 ], [ 27.927448101917449, -18.896280887160469, 0.0 ], [ 27.93112678125506, -18.899027272563991, 0.0 ], [ 27.93387008959046, -18.899023284517401, 0.0 ], [ 27.936382831781831, -18.896267845549549, 0.0 ], [ 27.939724041444499, -18.892795019438051, 0.0 ], [ 27.940890655266411, -18.89000525118902, 0.0 ], [ 27.942759081138028, -18.887197974822602, 0.0 ], [ 27.94451536216296, -18.885081241968859, 0.0 ], [ 27.948364644390981, -18.882950965303628, 0.0 ], [ 27.948802823398221, -18.876550821467969, 0.0 ], [ 27.948482960865839, -18.87440452639769, 0.0 ], [ 27.944201873468671, -18.870823063369279, 0.0 ], [ 27.938976812834088, -18.864317718480979, 0.0 ], [ 27.93568901837267, -18.862869908261072, 0.0 ], [ 27.93274417471612, -18.863608764277188, 0.0 ], [ 27.92568395717678, -18.863630904169561, 0.0 ], [ 27.923566113504229, -18.863637492494011, 0.0 ], [ 27.921673479889979, -18.862183648647509, 0.0 ], [ 27.917654257487381, -18.860733137408701, 0.0 ], [ 27.91645915179118, -18.859270548381229, 0.0 ], [ 27.914443348950549, -18.858542429415529, 0.0 ], [ 27.90777912389413, -18.855616347715959, 0.0 ], [ 27.902306659225889, -18.854150700790012, 0.0 ], [ 27.89610583704011, -18.852690133534519, 0.0 ], [ 27.890512911471969, -18.851960371690431, 0.0 ], [ 27.88633898550594, -18.851224629042921, 0.0 ], [ 27.883585430180911, -18.850484252350679, 0.0 ], [ 27.88073557185816, -18.85049170279142, 0.0 ], [ 27.878069002729831, -18.84900088644774, 0.0 ], [ 27.872540080907701, -18.84751392895182, 0.0 ], [ 27.865653635680939, -18.84527320269893, 0.0 ], [ 27.862875860360699, -18.844525768369529, 0.0 ], [ 27.854448118152451, -18.843030377788239, 0.0 ], [ 27.850943873049079, -18.842279454500272, 0.0 ], [ 27.84600184885872, -18.841530093813748, 0.0 ], [ 27.841054288104051, -18.840779766060361, 0.0 ], [ 27.840337046597199, -18.840781013682381, 0.0 ], [ 27.835316469964852, -18.84078966641594, 0.0 ], [ 27.829706846520491, -18.83927730466494, 0.0 ], [ 27.826242907052951, -18.837752399537461, 0.0 ], [ 27.821391385940181, -18.83545790333952, 0.0 ], [ 27.818627785077471, -18.833923400331521, 0.0 ], [ 27.815966611734002, -18.830851737889031, 0.0 ], [ 27.81318007262049, -18.82932466794248, 0.0 ], [ 27.80898843780631, -18.827027480799789, 0.0 ], [ 27.806236952279029, -18.824712110171198, 0.0 ], [ 27.799881229310241, -18.82163116687115, 0.0 ], [ 27.79126424440307, -18.819338451023949, 0.0 ], [ 27.78765576410192, -18.818577661511451, 0.0 ], [ 27.783968376004459, -18.81939015871346, 0.0 ], [ 27.782363166133319, -18.82253706493297, 0.0 ], [ 27.77727075203827, -18.822571503204909, 0.0 ], [ 27.77291286363721, -18.82256906438792, 0.0 ], [ 27.768607938237309, -18.821019335248469, 0.0 ], [ 27.762084444801971, -18.820252406465951, 0.0 ], [ 27.759194521981701, -18.819480761679671, 0.0 ], [ 27.756301425710969, -18.81870818645061, 0.0 ], [ 27.75048938621088, -18.81793760382342, 0.0 ], [ 27.74757372725503, -18.817940385351921, 0.0 ], [ 27.74611591925251, -18.817941774926339, 0.0 ], [ 27.740284830817231, -18.81794716635126, 0.0 ], [ 27.73737814441148, -18.817172691620549, 0.0 ], [ 27.735212966427511, -18.81483784933268, 0.0 ], [ 27.733046792880501, -18.811711653604839, 0.0 ], [ 27.732341130365359, -18.80851872515748, 0.0 ], [ 27.730161057045951, -18.805237919900652, 0.0 ], [ 27.727975322500988, -18.800418622601718, 0.0 ], [ 27.725766542432929, -18.79800280786214, 0.0 ], [ 27.719843901643479, -18.79560207083308, 0.0 ], [ 27.719102820194241, -18.795606859682021, 0.0 ], [ 27.713158735456901, -18.79319764685405, 0.0 ], [ 27.708689343639382, -18.791590020983641, 0.0 ], [ 27.701209331490059, -18.788353682414321, 0.0 ], [ 27.6974714859426, -18.787554299859899, 0.0 ], [ 27.69223817951028, -18.786755167428591, 0.0 ], [ 27.687786495111581, -18.78759426155866, 0.0 ], [ 27.68557447259591, -18.788427961108471, 0.0 ], [ 27.684157266378708, -18.790911098113149, 0.0 ], [ 27.679002694910629, -18.792521591837151, 0.0 ], [ 27.674545607605381, -18.792506264005588, 0.0 ], [ 27.664825581688032, -18.790880056673021, 0.0 ], [ 27.659516461433569, -18.788459673940181, 0.0 ], [ 27.65567649228969, -18.786011802619381, 0.0 ], [ 27.653317832175301, -18.7835575969853, 0.0 ], [ 27.64865851132614, -18.78025785850112, 0.0 ], [ 27.647062470305851, -18.778569148447311, 0.0 ], [ 27.642303652635789, -18.774334803209559, 0.0 ], [ 27.639132506654899, -18.771783431519829, 0.0 ], [ 27.63519563291166, -18.769228946539791, 0.0 ], [ 27.63124346884916, -18.766664396280859, 0.0 ], [ 27.625700076749311, -18.76323858316659, 0.0 ], [ 27.619510807144849, -18.761555730998161, 0.0 ], [ 27.614065180330101, -18.7598616493975, 0.0 ], [ 27.613233889943839, -18.758995300412469, 0.0 ], [ 27.602375644736831, -18.756467994837219, 0.0 ], [ 27.597056318674721, -18.75651058824015, 0.0 ], [ 27.588301241912191, -18.75296293280984, 0.0 ], [ 27.579458284448211, -18.748643095794129, 0.0 ], [ 27.57716368473292, -18.748654184988862, 0.0 ], [ 27.571335809924559, -18.744310701142268, 0.0 ], [ 27.56468949648513, -18.739915021705659, 0.0 ], [ 27.56140193527489, -18.738149762722419, 0.0 ], [ 27.55810613270301, -18.73637990826656, 0.0 ], [ 27.549833019576919, -18.7319412417134, 0.0 ], [ 27.546284914258511, -18.728366104459791, 0.0 ], [ 27.54205647406922, -18.72567735098874, 0.0 ], [ 27.538591206646071, -18.72297592106657, 0.0 ], [ 27.53512309432962, -18.720284766848629, 0.0 ], [ 27.53344433683267, -18.719388510499542, 0.0 ], [ 27.5282640252044, -18.715767257348951, 0.0 ], [ 27.523328638062761, -18.713987290066569, 0.0 ], [ 27.519161100246649, -18.712190510856871, 0.0 ], [ 27.51406178145141, -18.709468063818129, 0.0 ], [ 27.50843894632316, -18.708594642584039, 0.0 ], [ 27.50339776673173, -18.706693131464061, 0.0 ], [ 27.497550935705942, -18.704783252672389, 0.0 ], [ 27.491435755772631, -18.70108719245043, 0.0 ], [ 27.4873327193812, -18.700170191904199, 0.0 ], [ 27.484803105829851, -18.699240068365452, 0.0 ], [ 27.476559007953291, -18.697375952280741, 0.0 ], [ 27.47147045735446, -18.695502162279961, 0.0 ], [ 27.464951544530059, -18.694573958689759, 0.0 ], [ 27.456162150688591, -18.689904660364309, 0.0 ], [ 27.452808739132369, -18.688978377380469, 0.0 ], [ 27.447680569344591, -18.687111131585642, 0.0 ], [ 27.4483671132819, -18.682325991424172, 0.0 ], [ 27.447273533347989, -18.676553808334688, 0.0 ], [ 27.44609843610651, -18.674615690822939, 0.0 ], [ 27.43491581168843, -18.666858360779649, 0.0 ], [ 27.426856392281209, -18.658993302328039, 0.0 ], [ 27.419330444395381, -18.654044130246689, 0.0 ], [ 27.41604170341969, -18.650035009078081, 0.0 ] ] ] } },
{ "type": "Feature", "properties": { "Name": "Untitled Polygon", "description": null, "timestamp": null, "begin": null, "end": null, "altitudeMode": null, "tessellate": 1, "extrude": 0, "visibility": -1, "drawOrder": null, "icon": null, "AREA": null }, "geometry": { "type": "Polygon", "coordinates": [ [ [ 27.570097113580221, -18.698646551511931, 0.0 ], [ 27.56999811719589, -18.69876044175723, 0.0 ], [ 27.569895990582779, -18.698817097366081, 0.0 ], [ 27.569741413916631, -18.698873690338669, 0.0 ], [ 27.56966975490695, -18.698986248793481, 0.0 ], [ 27.56962091100613, -18.699042364835389, 0.0 ], [ 27.569549726090219, -18.69915422003093, 0.0 ], [ 27.56947883542481, -18.699265612371981, 0.0 ], [ 27.5694082399948, -18.699376541286131, 0.0 ], [ 27.569341896450741, -18.699542042351101, 0.0 ], [ 27.569299894398728, -18.69967917046781, 0.0 ], [ 27.569254076598611, -18.69976112942069, 0.0 ], [ 27.569214495602399, -18.69992425236979, 0.0 ], [ 27.569226634685371, -18.700086349616448, 0.0 ], [ 27.56923468638626, -18.700193872156689, 0.0 ], [ 27.569246703525842, -18.700354347821449, 0.0 ], [ 27.569254676340229, -18.70046079825779, 0.0 ], [ 27.56926460094245, -18.700593279704901, 0.0 ], [ 27.569327481444759, -18.70075174103215, 0.0 ], [ 27.56937041114541, -18.700987528846429, 0.0 ], [ 27.569403420917531, -18.701091677641308, 0.0 ], [ 27.56949050657909, -18.701247216627049, 0.0 ], [ 27.569546444914749, -18.701324668700892, 0.0 ], [ 27.56960401873938, -18.70142753956069, 0.0 ], [ 27.569686443698419, -18.701530065168541, 0.0 ], [ 27.569766830618001, -18.701606739203481, 0.0 ], [ 27.569846982023829, -18.70168318856993, 0.0 ], [ 27.570004985010481, -18.701810161777889, 0.0 ], [ 27.57002992901133, -18.701810222849669, 0.0 ], [ 27.570159192948289, -18.701886193593008, 0.0 ], [ 27.570286631546381, -18.701936819326409, 0.0 ], [ 27.570466258733621, -18.70203759149345, 0.0 ], [ 27.570544721423872, -18.702112776923641, 0.0 ], [ 27.570723235260498, -18.70221286273129, 0.0 ], [ 27.570775140345368, -18.702262669630159, 0.0 ], [ 27.570902194698331, -18.70233731809115, 0.0 ], [ 27.571079239725432, -18.70243653446089, 0.0 ], [ 27.571205422339801, -18.702510678694761, 0.0 ], [ 27.571254639705689, -18.702510799741749, 0.0 ], [ 27.571378583375779, -18.702535672791861, 0.0 ], [ 27.57147697224709, -18.702535915742391, 0.0 ], [ 27.57157536217947, -18.702536158680779, 0.0 ], [ 27.571698350033291, -18.70253646497693, 0.0 ], [ 27.571796042467572, -18.702512141796841, 0.0 ], [ 27.571918453435369, -18.702487858718339, 0.0 ], [ 27.572016956236052, -18.70248815424539, 0.0 ], [ 27.572115457404688, -18.702488455648162, 0.0 ], [ 27.572238583467222, -18.70248883214305, 0.0 ], [ 27.57236128329729, -18.702464579774531, 0.0 ], [ 27.572459829718579, -18.702464880510401, 0.0 ], [ 27.5725583767594, -18.702465182055839, 0.0 ], [ 27.572681288604521, -18.702440907090011, 0.0 ], [ 27.572779657903009, -18.70241653317807, 0.0 ], [ 27.572877948231991, -18.70236741476549, 0.0 ], [ 27.57300125270962, -18.70234304481875, 0.0 ], [ 27.573099903593722, -18.70229378195652, 0.0 ], [ 27.573223503185439, -18.702294159567241, 0.0 ], [ 27.573322465614471, -18.702244801651769, 0.0 ], [ 27.573421712803899, -18.702170430328302, 0.0 ], [ 27.573496690707501, -18.70204571083142, 0.0 ], [ 27.573546982404991, -18.701945464623151, 0.0 ], [ 27.57359747251137, -18.70184481994697, 0.0 ], [ 27.57369859691801, -18.701693182383739, 0.0 ], [ 27.57377470173131, -18.70159161549828, 0.0 ], [ 27.573825412034719, -18.70154071862444, 0.0 ], [ 27.573901995518341, -18.701438544822931, 0.0 ], [ 27.574003691748079, -18.701361783635932, 0.0 ], [ 27.574106124716199, -18.701258971775658, 0.0 ], [ 27.574183692328891, -18.7011556711035, 0.0 ], [ 27.574236746625129, -18.701025825945301, 0.0 ], [ 27.57428848043876, -18.700973799094999, 0.0 ], [ 27.574316012523301, -18.700869194525101, 0.0 ], [ 27.574344216723631, -18.70073782639987, 0.0 ], [ 27.574397518468331, -18.700632346698882, 0.0 ], [ 27.57442605743492, -18.700499777008151, 0.0 ], [ 27.574480401009861, -18.700366613607692, 0.0 ], [ 27.574509295927399, -18.70023269199644, 0.0 ], [ 27.574513198712431, -18.700070983802728, 0.0 ], [ 27.57449188043099, -18.699881017590791, 0.0 ], [ 27.574444397974709, -18.69968976685249, 0.0 ], [ 27.574370488293269, -18.69949707957575, 0.0 ], [ 27.57434497325357, -18.69946940512412, 0.0 ], [ 27.574243684004738, -18.699302879656418, 0.0 ], [ 27.574218010490789, -18.69927500666703, 0.0 ], [ 27.57414176788194, -18.69913532267902, 0.0 ], [ 27.574063841435649, -18.699079139451349, 0.0 ], [ 27.57398653124158, -18.69896660271268, 0.0 ], [ 27.573882838995949, -18.698825258986549, 0.0 ], [ 27.573830325832429, -18.698796829513039, 0.0 ], [ 27.57367290659181, -18.69865489838611, 0.0 ], [ 27.573593796492862, -18.698598034886061, 0.0 ], [ 27.573541073041248, -18.698541112971679, 0.0 ], [ 27.573461786436312, -18.698455515056821, 0.0 ], [ 27.573355633226232, -18.698369597510279, 0.0 ], [ 27.57324915486236, -18.698283416907572, 0.0 ], [ 27.573088791289859, -18.698139236897379, 0.0 ], [ 27.5730082459092, -18.698052411398422, 0.0 ], [ 27.57290063525879, -18.69796526015125, 0.0 ], [ 27.57281997838718, -18.69793605137669, 0.0 ], [ 27.57271212580628, -18.69787766410116, 0.0 ], [ 27.572496517902351, -18.697818920748151, 0.0 ], [ 27.572415866422311, -18.697818745227242, 0.0 ], [ 27.57230833421491, -18.69781851026379, 0.0 ], [ 27.572147596142479, -18.697847305679101, 0.0 ], [ 27.571960169665381, -18.697876014537261, 0.0 ], [ 27.571907142806761, -18.697904986936361, 0.0 ], [ 27.571746101146012, -18.69790463200836, 0.0 ], [ 27.571613565018041, -18.697962430375942, 0.0 ], [ 27.571481303833391, -18.698020106485401, 0.0 ], [ 27.571293816693881, -18.698019692539109, 0.0 ], [ 27.5711609617682, -18.698048338523328, 0.0 ], [ 27.571054992165951, -18.69807695779549, 0.0 ], [ 27.57086991725501, -18.698133411655942, 0.0 ], [ 27.57081766683854, -18.69816200475902, 0.0 ], [ 27.570686578004569, -18.698218836870019, 0.0 ], [ 27.570609188239711, -18.698276097516231, 0.0 ], [ 27.570505260662411, -18.698332975697959, 0.0 ], [ 27.570403076373999, -18.698418604365841, 0.0 ], [ 27.570327818258601, -18.698504240352801, 0.0 ], [ 27.57025439963256, -18.698618268640679, 0.0 ], [ 27.57015490413762, -18.698731940278289, 0.0 ], [ 27.570097113580221, -18.698646551511931, 0.0 ] ] ] } },
{ "type": "Feature", "properties": { "Name": "Untitled Polygon", "description": null, "timestamp": null, "begin": null, "end": null, "altitudeMode": null, "tessellate": 1, "extrude": 0, "visibility": -1, "drawOrder": null, "icon": null, "AREA": null }, "geometry": { "type": "Polygon", "coordinates": [ [ [ 27.575377182577569, -18.69626664429315, 0.0 ], [ 27.575181698510409, -18.69632776626624, 0.0 ], [ 27.57506837958779, -18.696419575597879, 0.0 ], [ 27.574955420177819, -18.696511094852891, 0.0 ], [ 27.57487029019714, -18.696602382551671, 0.0 ], [ 27.574757200729721, -18.696723649480791, 0.0 ], [ 27.574671941022348, -18.696844464967949, 0.0 ], [ 27.57455904825785, -18.696994759879949, 0.0 ], [ 27.574445480822501, -18.69720394653535, 0.0 ], [ 27.574415833830951, -18.697322871585779, 0.0 ], [ 27.574413380131869, -18.697441362696619, 0.0 ], [ 27.5744097193644, -18.697618182233459, 0.0 ], [ 27.57440608209026, -18.69779390780732, 0.0 ], [ 27.574429902082699, -18.697939575629281, 0.0 ], [ 27.574454225475719, -18.69805558775488, 0.0 ], [ 27.57450387457131, -18.698228742629752, 0.0 ], [ 27.574552548013109, -18.698429401433049, 0.0 ], [ 27.57457709632445, -18.698514969854799, 0.0 ], [ 27.574652451023891, -18.69868538497704, 0.0 ], [ 27.57475365843241, -18.69885549934035, 0.0 ], [ 27.57480319457618, -18.698968447054771, 0.0 ], [ 27.574854203911009, -18.699024803608172, 0.0 ], [ 27.5749287689687, -18.69916506716563, 0.0 ], [ 27.575029128203859, -18.699304668735081, 0.0 ], [ 27.575156054696858, -18.699416074295019, 0.0 ], [ 27.57523236265919, -18.69947168268083, 0.0 ], [ 27.575333497845691, -18.69955483393905, 0.0 ], [ 27.575510024987778, -18.699692876026489, 0.0 ], [ 27.57563502989796, -18.699802747124629, 0.0 ], [ 27.575809860762661, -18.699939892804991, 0.0 ], [ 27.575933559812011, -18.700049115244749, 0.0 ], [ 27.576032432339989, -18.700130770568379, 0.0 ], [ 27.576209631185829, -18.700185739124908, 0.0 ], [ 27.576412134410599, -18.70024074141968, 0.0 ], [ 27.576461870060161, -18.70026788940627, 0.0 ], [ 27.576638123087211, -18.700322559158032, 0.0 ], [ 27.576662027020539, -18.700349466320901, 0.0 ], [ 27.57683961106769, -18.700377262628901, 0.0 ], [ 27.57689084116851, -18.700377568193289, 0.0 ], [ 27.577018908529109, -18.700378333120529, 0.0 ], [ 27.577172572555028, -18.70037925021548, 0.0 ], [ 27.577279111930871, -18.70032639672878, 0.0 ], [ 27.577383749362351, -18.700300238502042, 0.0 ], [ 27.577490648275159, -18.700247231661461, 0.0 ], [ 27.577649142436169, -18.700194429848281, 0.0 ], [ 27.57780793993448, -18.700141528988571, 0.0 ], [ 27.577910794636619, -18.700142150488329, 0.0 ], [ 27.578121461764422, -18.700089462055331, 0.0 ], [ 27.57835566795994, -18.700063863012069, 0.0 ], [ 27.57854127791185, -18.700010868358081, 0.0 ], [ 27.578649873052569, -18.699957300829581, 0.0 ], [ 27.578709854198511, -18.69987611472941, 0.0 ], [ 27.57877001844696, -18.699794680799901, 0.0 ], [ 27.578859162473041, -18.699685771411911, 0.0 ], [ 27.5789457256753, -18.699603919056379, 0.0 ], [ 27.57903554346677, -18.699494235030851, 0.0 ], [ 27.579125727780671, -18.69938410170484, 0.0 ], [ 27.579225590906301, -18.699189905219409, 0.0 ], [ 27.579293617511841, -18.699050310333231, 0.0 ], [ 27.57936199503855, -18.698909994139051, 0.0 ], [ 27.579404373216128, -18.698768772594729, 0.0 ], [ 27.57944035636681, -18.698683939183141, 0.0 ], [ 27.579479568806232, -18.698570557408939, 0.0 ], [ 27.579492438118319, -18.698456533570681, 0.0 ], [ 27.579482022898851, -18.698313163442389, 0.0 ], [ 27.57947478806275, -18.69814017157762, 0.0 ], [ 27.579461031842101, -18.698024183839959, 0.0 ], [ 27.579423670929621, -18.69787837563668, 0.0 ], [ 27.579406524784371, -18.69779055964019, 0.0 ], [ 27.57939254038412, -18.697673105572541, 0.0 ], [ 27.579378497108639, -18.69755515451293, 0.0 ], [ 27.57936439554322, -18.697436706368531, 0.0 ], [ 27.579326383343911, -18.697287796667261, 0.0 ], [ 27.5792402216886, -18.697077760389661, 0.0 ], [ 27.57917439047274, -18.696926740902232, 0.0 ], [ 27.57912926542145, -18.696835699975178, 0.0 ], [ 27.579056661579209, -18.696744166638499, 0.0 ], [ 27.578953400992809, -18.69668257711394, 0.0 ], [ 27.57877657334674, -18.696528614938121, 0.0 ], [ 27.57864802040579, -18.696435668154979, 0.0 ], [ 27.578546577468419, -18.696342620383771, 0.0 ], [ 27.578447591595442, -18.69621835336666, 0.0 ], [ 27.578315057836871, -18.696155391018522, 0.0 ], [ 27.578159584901449, -18.696030605031371, 0.0 ], [ 27.578106724688141, -18.69599931027162, 0.0 ], [ 27.577947807581829, -18.69590521932399, 0.0 ], [ 27.577894719922401, -18.695873789890712, 0.0 ], [ 27.5777629597379, -18.695779412831289, 0.0 ], [ 27.57760288418622, -18.695684609808239, 0.0 ], [ 27.577463435811769, -18.695683999579519, 0.0 ], [ 27.57726820083241, -18.695683144737529, 0.0 ], [ 27.57698927771003, -18.695681921923299, 0.0 ], [ 27.576905596704261, -18.695681554744599, 0.0 ], [ 27.576710335602058, -18.69568070042267, 0.0 ], [ 27.57659875403797, -18.69568021060563, 0.0 ], [ 27.576485432008209, -18.695711119433899, 0.0 ], [ 27.576318137661211, -18.695710386619108, 0.0 ], [ 27.576262371243288, -18.695710141990379, 0.0 ], [ 27.576119871340989, -18.695772232227561, 0.0 ], [ 27.5760054945234, -18.695834310788179, 0.0 ], [ 27.57589277369205, -18.695865060608689, 0.0 ], [ 27.575778815226489, -18.695926946096549, 0.0 ], [ 27.575665088660362, -18.695988745208311, 0.0 ], [ 27.575578053348021, -18.696081692613809, 0.0 ], [ 27.5754371116663, -18.696143321894301, 0.0 ], [ 27.575378317589411, -18.69623583465718, 0.0 ], [ 27.57528993444792, -18.69638938995816, 0.0 ], [ 27.575377182577569, -18.69626664429315, 0.0 ] ] ] } },
{ "type": "Feature", "properties": { "Name": "Untitled Polygon", "description": null, "timestamp": null, "begin": null, "end": null, "altitudeMode": null, "tessellate": 1, "extrude": 0, "visibility": -1, "drawOrder": null, "icon": null, "AREA": null }, "geometry": { "type": "Polygon", "coordinates": [ [ [ 27.5690193371899, -18.70480389167323, 0.0 ], [ 27.568966685949611, -18.705004428637132, 0.0 ], [ 27.56893776449099, -18.70520336199472, 0.0 ], [ 27.568907097594529, -18.70537880269594, 0.0 ], [ 27.568851536099281, -18.705531183689232, 0.0 ], [ 27.568840480955021, -18.70566114243119, 0.0 ], [ 27.56882547205678, -18.70574737257121, 0.0 ], [ 27.568835519980869, -18.70585480055616, 0.0 ], [ 27.568845518119289, -18.70596174129679, 0.0 ], [ 27.568905158998842, -18.706110775703149, 0.0 ], [ 27.568937754379579, -18.706216625003169, 0.0 ], [ 27.56899868974137, -18.70638501582874, 0.0 ], [ 27.569057310847459, -18.706531383140462, 0.0 ], [ 27.5691381473119, -18.706676897590171, 0.0 ], [ 27.569145470457471, -18.706759527878852, 0.0 ], [ 27.56922742136112, -18.706924099907059, 0.0 ], [ 27.569256969880811, -18.707005912438291, 0.0 ], [ 27.569291660349929, -18.707148342130392, 0.0 ], [ 27.569344978861569, -18.70724962185712, 0.0 ], [ 27.569396372237289, -18.707330347127272, 0.0 ], [ 27.56944256500444, -18.70735057740092, 0.0 ], [ 27.569522217428091, -18.707510907761669, 0.0 ], [ 27.56957131070202, -18.707570797845982, 0.0 ], [ 27.569689666020231, -18.707670372038319, 0.0 ], [ 27.569853052205811, -18.70778935661296, 0.0 ], [ 27.569990836341692, -18.707868422655501, 0.0 ], [ 27.570178629641418, -18.708044999607491, 0.0 ], [ 27.570294483154282, -18.708142546845181, 0.0 ], [ 27.5704522903665, -18.708220466789012, 0.0 ], [ 27.5704741181308, -18.708220529602482, 0.0 ], [ 27.57071851408131, -18.708298432177251, 0.0 ], [ 27.570874071672058, -18.70835660954528, 0.0 ], [ 27.570962092517551, -18.70837607193279, 0.0 ], [ 27.571050039107281, -18.708395518444661, 0.0 ], [ 27.57115965030448, -18.708415007541952, 0.0 ], [ 27.571181386860879, -18.708415068471201, 0.0 ], [ 27.571333546574628, -18.708415496183331, 0.0 ], [ 27.571377020875989, -18.708415618902109, 0.0 ], [ 27.571550924241411, -18.708416106635241, 0.0 ], [ 27.57176831126062, -18.70841671678669, 0.0 ], [ 27.5718117905854, -18.70841683943824, 0.0 ], [ 27.57196396863948, -18.70841726582907, 0.0 ], [ 27.57215963335101, -18.708417813809842, 0.0 ], [ 27.5722900798987, -18.708418179958421, 0.0 ], [ 27.57239843244129, -18.708399298066642, 0.0 ], [ 27.572550110652369, -18.708361303549619, 0.0 ], [ 27.57265822469682, -18.70830385356987, 0.0 ], [ 27.572766819930148, -18.708265569808489, 0.0 ], [ 27.572788447870849, -18.70824631204848, 0.0 ], [ 27.57291887143629, -18.708169240939139, 0.0 ], [ 27.57300623567793, -18.708150083309409, 0.0 ], [ 27.573049905289079, -18.708130787112381, 0.0 ], [ 27.57311545598937, -18.708092084946809, 0.0 ], [ 27.57322496145099, -18.70803393476119, 0.0 ], [ 27.573290853698889, -18.707955944538181, 0.0 ], [ 27.573356921401849, -18.707897322112359, 0.0 ], [ 27.57344536930102, -18.70779921625169, 0.0 ], [ 27.573556574188661, -18.70766111400123, 0.0 ], [ 27.573690440481212, -18.707542175505871, 0.0 ], [ 27.573780548417421, -18.707422492394581, 0.0 ], [ 27.57387057511826, -18.707342434659878, 0.0 ], [ 27.573938609569829, -18.707262035756461, 0.0 ], [ 27.57398453442385, -18.70718129386016, 0.0 ], [ 27.57409891772318, -18.70703940323931, 0.0 ], [ 27.574167804955682, -18.706957939081839, 0.0 ], [ 27.574214870607591, -18.706855597510529, 0.0 ], [ 27.57428423649781, -18.706773482627899, 0.0 ], [ 27.574332232222961, -18.706649613502091, 0.0 ], [ 27.57438048397637, -18.706525085404881, 0.0 ], [ 27.574406265968879, -18.706399831868371, 0.0 ], [ 27.574410445446478, -18.706231705273272, 0.0 ], [ 27.574414126950899, -18.706083605969692, 0.0 ], [ 27.57441624146136, -18.70599856023442, 0.0 ], [ 27.574419959115051, -18.705848994448498, 0.0 ], [ 27.574400635271129, -18.705698425001192, 0.0 ], [ 27.574380152119449, -18.705590274868239, 0.0 ], [ 27.574337905671211, -18.705416192452681, 0.0 ], [ 27.574339910852149, -18.705328732984839, 0.0 ], [ 27.5742510937276, -18.705130554787871, 0.0 ], [ 27.57423093704837, -18.704975408922191, 0.0 ], [ 27.574186310918542, -18.704863792675901, 0.0 ], [ 27.574118784642909, -18.704706606236179, 0.0 ], [ 27.574050055025371, -18.70459364028277, 0.0 ], [ 27.573981002225619, -18.704480143154392, 0.0 ], [ 27.573887610448018, -18.704388847263701, 0.0 ], [ 27.573817610544229, -18.704297278560901, 0.0 ], [ 27.573604969268182, -18.704158956544919, 0.0 ], [ 27.573533821728379, -18.704112672779111, 0.0 ], [ 27.573367302294042, -18.70399662035744, 0.0 ], [ 27.57320002663262, -18.703926522052551, 0.0 ], [ 27.57315214027566, -18.703903135508881, 0.0 ], [ 27.572960136684991, -18.703809364647771, 0.0 ], [ 27.572864038843729, -18.703785721186719, 0.0 ], [ 27.572694805465261, -18.703668107307799, 0.0 ], [ 27.572597386692411, -18.703573728383422, 0.0 ], [ 27.572427171101221, -18.703478766832621, 0.0 ], [ 27.572305569500362, -18.703431039638961, 0.0 ], [ 27.572159545752161, -18.703383147189619, 0.0 ], [ 27.571989027031879, -18.703335090438241, 0.0 ], [ 27.571842416260701, -18.70328701270784, 0.0 ], [ 27.57181818108543, -18.703286937836921, 0.0 ], [ 27.571672013830931, -18.70326264545352, 0.0 ], [ 27.57147972125621, -18.703309742430509, 0.0 ], [ 27.571407046433471, -18.703309522155291, 0.0 ], [ 27.571261698807088, -18.70330908272442, 0.0 ], [ 27.571116348306258, -18.703308642452111, 0.0 ], [ 27.570900599768819, -18.703355658994631, 0.0 ], [ 27.570804975438229, -18.703379162693221, 0.0 ], [ 27.570709442307479, -18.703402648354292, 0.0 ], [ 27.57054536818303, -18.703496908982441, 0.0 ], [ 27.570401961824551, -18.703520155497241, 0.0 ], [ 27.570237442839812, -18.703590439578988, 0.0 ], [ 27.5700478370551, -18.703636980447769, 0.0 ], [ 27.569930695727319, -18.703683613870279, 0.0 ], [ 27.569793027874798, -18.703776859417751, 0.0 ], [ 27.569679827509379, -18.703869813771451, 0.0 ], [ 27.569543156787699, -18.703962352677241, 0.0 ], [ 27.569410603989329, -18.70410069369855, 0.0 ], [ 27.569346436193531, -18.70419254579113, 0.0 ], [ 27.569260630965779, -18.70430686397707, 0.0 ], [ 27.569180907791459, -18.70448880634434, 0.0 ], [ 27.569145081484461, -18.7046244337918, 0.0 ], [ 27.569113275156091, -18.704804139939689, 0.0 ], [ 27.569119001034821, -18.70487122858141, 0.0 ], [ 27.5690193371899, -18.70480389167323, 0.0 ] ] ] } },
{ "type": "Feature", "properties": { "Name": "Untitled Polygon", "description": null, "timestamp": null, "begin": null, "end": null, "altitudeMode": null, "tessellate": 1, "extrude": 0, "visibility": -1, "drawOrder": null, "icon": null, "AREA": null }, "geometry": { "type": "Polygon", "coordinates": [ [ [ 27.573667023612209, -18.702754684898629, 0.0 ], [ 27.573664503693148, -18.70285429388932, 0.0 ], [ 27.573686772719139, -18.702953048541321, 0.0 ], [ 27.573732335870329, -18.703100466101859, 0.0 ], [ 27.57375307798193, -18.70324708525316, 0.0 ], [ 27.573775670321691, -18.703320070044349, 0.0 ], [ 27.57379686867375, -18.703441274649141, 0.0 ], [ 27.57386610399908, -18.703585927462441, 0.0 ], [ 27.573957086358512, -18.703801416819388, 0.0 ], [ 27.574001917802729, -18.70392036653389, 0.0 ], [ 27.574023109999661, -18.704015142194159, 0.0 ], [ 27.57404499500727, -18.704085988400848, 0.0 ], [ 27.574133389305089, -18.704321242561729, 0.0 ], [ 27.57417889843957, -18.704391592957101, 0.0 ], [ 27.574224278509369, -18.704461742113121, 0.0 ], [ 27.57426679593059, -18.704601456274339, 0.0 ], [ 27.5743347135578, -18.70469438224049, 0.0 ], [ 27.574402198704309, -18.704787354853721, 0.0 ], [ 27.574467414532869, -18.70492578793078, 0.0 ], [ 27.574534293474411, -18.7050178296317, 0.0 ], [ 27.574623600428481, -18.70513201099125, 0.0 ], [ 27.57466764073606, -18.705200031278341, 0.0 ], [ 27.574735103407011, -18.705267951542432, 0.0 ], [ 27.574825888270642, -18.70533577013078, 0.0 ], [ 27.574893044660069, -18.705403128329589, 0.0 ], [ 27.575008129972751, -18.705448133635361, 0.0 ], [ 27.57512176870431, -18.705515317720931, 0.0 ], [ 27.57519081784918, -18.70553776246339, 0.0 ], [ 27.575304003592969, -18.705604702043299, 0.0 ], [ 27.575438772827209, -18.70569373984144, 0.0 ], [ 27.57550695149266, -18.705716595034019, 0.0 ], [ 27.575638856908469, -18.705827971345851, 0.0 ], [ 27.575773869993181, -18.705894283396169, 0.0 ], [ 27.57588539908215, -18.705960229703219, 0.0 ], [ 27.575975048177131, -18.706004140299711, 0.0 ], [ 27.576044635647879, -18.706004342237591, 0.0 ], [ 27.576160613852679, -18.706004677595139, 0.0 ], [ 27.576253395830019, -18.706004946327059, 0.0 ], [ 27.57644077367976, -18.705983672233401, 0.0 ], [ 27.576512239972999, -18.705962044829359, 0.0 ], [ 27.57665344729687, -18.70594059872758, 0.0 ], [ 27.576723096317838, -18.705940824184211, 0.0 ], [ 27.57683887417592, -18.705941434134459, 0.0 ], [ 27.576958855992629, -18.70589820191762, 0.0 ], [ 27.577074787116171, -18.70589875036265, 0.0 ], [ 27.577218957836731, -18.705855049696069, 0.0 ], [ 27.57733547634253, -18.705855244529889, 0.0 ], [ 27.577477678564389, -18.705833479193689, 0.0 ], [ 27.577526706726541, -18.70581153367052, 0.0 ], [ 27.57762490459768, -18.7057675818481, 0.0 ], [ 27.577754180087091, -18.705657141608508, 0.0 ], [ 27.577858042558489, -18.705568409921, 0.0 ], [ 27.5779623022873, -18.705479339605461, 0.0 ], [ 27.57801722491627, -18.705412276684189, 0.0 ], [ 27.578124840379811, -18.705300104092711, 0.0 ], [ 27.578230211621982, -18.705210006438101, 0.0 ], [ 27.57836249706418, -18.705096895737579, 0.0 ], [ 27.578497328889021, -18.704961130205639, 0.0 ], [ 27.578552800034402, -18.704893188160899, 0.0 ], [ 27.578634814172641, -18.70480242222872, 0.0 ], [ 27.578693595372609, -18.704711041584311, 0.0 ], [ 27.578785124449769, -18.704550226060981, 0.0 ], [ 27.578820337385739, -18.70445801958634, 0.0 ], [ 27.57887955149209, -18.704365639072531, 0.0 ], [ 27.578917966814519, -18.70424947578654, 0.0 ], [ 27.578939671742209, -18.704084747841421, 0.0 ], [ 27.578958592388361, -18.70394251419015, 0.0 ], [ 27.578950308049681, -18.703823189203248, 0.0 ], [ 27.578962997250439, -18.703727445022341, 0.0 ], [ 27.57895510039603, -18.703606707431309, 0.0 ], [ 27.57892640702968, -18.703460620781598, 0.0 ], [ 27.578921820079898, -18.703313908166841, 0.0 ], [ 27.578889054458269, -18.703191130860791, 0.0 ], [ 27.578883658766308, -18.703043430278679, 0.0 ], [ 27.578884560269721, -18.70284525501636, 0.0 ], [ 27.578859796958341, -18.702646315102061, 0.0 ], [ 27.578872222287149, -18.70254634126686, 0.0 ], [ 27.578822297906878, -18.702345024219419, 0.0 ], [ 27.578831611405992, -18.702269211459861, 0.0 ], [ 27.578803262773832, -18.702091309464329, 0.0 ], [ 27.578781265159041, -18.70206574430523, 0.0 ], [ 27.57869817374743, -18.701913182006368, 0.0 ], [ 27.57863134667609, -18.70183639011487, 0.0 ], [ 27.578542051738189, -18.701733545796689, 0.0 ], [ 27.578429957980671, -18.701604441522029, 0.0 ], [ 27.578337170748519, -18.701526512434612, 0.0 ], [ 27.57831486174679, -18.701500207586641, 0.0 ], [ 27.578171772372301, -18.70142063882642, 0.0 ], [ 27.57800833304135, -18.701288229345071, 0.0 ], [ 27.57793746621001, -18.701235293771681, 0.0 ], [ 27.577817702502241, -18.70115630882875, 0.0 ], [ 27.57764797335668, -18.701074493118231, 0.0 ], [ 27.577574614526672, -18.701046438778778, 0.0 ], [ 27.577475383708261, -18.701018549132652, 0.0 ], [ 27.577303237115501, -18.700938559318619, 0.0 ], [ 27.577205338012639, -18.70088510492344, 0.0 ], [ 27.577153907748169, -18.700885103044069, 0.0 ], [ 27.576950756475231, -18.700857856817311, 0.0 ], [ 27.576796756961269, -18.70085716035431, 0.0 ], [ 27.57666793061604, -18.70085757531568, 0.0 ], [ 27.57646270265495, -18.70085642040581, 0.0 ], [ 27.576334420160229, -18.700855699435099, 0.0 ], [ 27.576204220757649, -18.700881693458221, 0.0 ], [ 27.576127278639891, -18.700881263364082, 0.0 ], [ 27.575971610654829, -18.7009070224567, 0.0 ], [ 27.575867348696018, -18.700933037535581, 0.0 ], [ 27.57568471057867, -18.700985147922321, 0.0 ], [ 27.57560623700541, -18.7010114663927, 0.0 ], [ 27.575447995161898, -18.701090510607191, 0.0 ], [ 27.575369784670698, -18.70111673006226, 0.0 ], [ 27.575263262964079, -18.701195616441371, 0.0 ], [ 27.57513290955632, -18.70124790000299, 0.0 ], [ 27.574976060775789, -18.70132624535114, 0.0 ], [ 27.574923881809259, -18.701352310764349, 0.0 ], [ 27.574742227357, -18.701430272760959, 0.0 ], [ 27.574689141083361, -18.701482327670231, 0.0 ], [ 27.57455898601081, -18.70156006243478, 0.0 ], [ 27.5744788284726, -18.70166363728038, 0.0 ], [ 27.574449496809439, -18.701766961674601, 0.0 ], [ 27.574421269553088, -18.701844172019371, 0.0 ], [ 27.574366019664101, -18.701972331159389, 0.0 ], [ 27.574284095810221, -18.702150705068139, 0.0 ], [ 27.574255276083441, -18.702252710902808, 0.0 ], [ 27.57417659066212, -18.702354284918862, 0.0 ], [ 27.574099171749619, -18.702429708245461, 0.0 ], [ 27.573948116891799, -18.702479182281589, 0.0 ], [ 27.573871277061741, -18.702553955537969, 0.0 ], [ 27.573844224019009, -18.70262930053897, 0.0 ], [ 27.57384062732681, -18.702754406962718, 0.0 ], [ 27.57386181503086, -18.702878727689409, 0.0 ], [ 27.573667023612209, -18.702754684898629, 0.0 ] ] ] } },
{ "type": "Feature", "properties": { "Name": "Untitled Polygon", "description": null, "timestamp": null, "begin": null, "end": null, "altitudeMode": null, "tessellate": 1, "extrude": 0, "visibility": -1, "drawOrder": null, "icon": null, "AREA": null }, "geometry": { "type": "Polygon", "coordinates": [ [ [ 27.579522272985539, -18.702722711833349, 0.0 ], [ 27.57952617667393, -18.70284563790484, 0.0 ], [ 27.579528509693851, -18.702919084814251, 0.0 ], [ 27.57953323292617, -18.70306571310044, 0.0 ], [ 27.579539451181869, -18.70325946226961, 0.0 ], [ 27.579544003423869, -18.703403426426789, 0.0 ], [ 27.57954993641323, -18.703593616746591, 0.0 ], [ 27.579506837353069, -18.703711567243509, 0.0 ], [ 27.579485754327141, -18.703782066378821, 0.0 ], [ 27.579492633899331, -18.703992482948891, 0.0 ], [ 27.57949567208901, -18.704085392739589, 0.0 ], [ 27.5795240702227, -18.70424710713672, 0.0 ], [ 27.579550050373971, -18.704338867151129, 0.0 ], [ 27.579600333297229, -18.704475867789391, 0.0 ], [ 27.57962670908891, -18.704589377253601, 0.0 ], [ 27.57970065175493, -18.70476993452462, 0.0 ], [ 27.579771037606601, -18.704837403039232, 0.0 ], [ 27.579795625665788, -18.70490454593617, 0.0 ], [ 27.579866707155819, -18.705015857274059, 0.0 ], [ 27.579960114800141, -18.705126600328011, 0.0 ], [ 27.580076144438259, -18.705258812185299, 0.0 ], [ 27.580122629629599, -18.705324646306131, 0.0 ], [ 27.580214453332498, -18.705412117694209, 0.0 ], [ 27.58032843349655, -18.705499251414331, 0.0 ], [ 27.58039679516747, -18.70556440285565, 0.0 ], [ 27.580510085465569, -18.705651047394859, 0.0 ], [ 27.58062263167422, -18.705694556032221, 0.0 ], [ 27.580712569778271, -18.70573792036576, 0.0 ], [ 27.580847224394649, -18.705824293648181, 0.0 ], [ 27.580869639769301, -18.705845801457031, 0.0 ], [ 27.580959065568351, -18.70591025734204, 0.0 ], [ 27.581070553419899, -18.705953257052361, 0.0 ], [ 27.581203896585631, -18.706038704058759, 0.0 ], [ 27.581314548150679, -18.706123532235299, 0.0 ], [ 27.58144697100402, -18.70620805203702, 0.0 ], [ 27.581557309076501, -18.706250197584492, 0.0 ], [ 27.58171173127111, -18.706292270029589, 0.0 ], [ 27.58175600690139, -18.70629227126145, 0.0 ], [ 27.58186671026959, -18.706292270160091, 0.0 ], [ 27.581955286659291, -18.706292269619262, 0.0 ], [ 27.582088168570749, -18.70629227206625, 0.0 ], [ 27.582198925170221, -18.706292272788669, 0.0 ], [ 27.582288083740799, -18.70627144447235, 0.0 ], [ 27.58246524968018, -18.70627193737571, 0.0 ], [ 27.582598845441751, -18.706251331799411, 0.0 ], [ 27.582665254905319, -18.706251656016939, 0.0 ], [ 27.582753792373339, -18.706252089443911, 0.0 ], [ 27.582886581832749, -18.706252739638629, 0.0 ], [ 27.58304244446833, -18.706232411812032, 0.0 ], [ 27.583133091299551, -18.706190464171591, 0.0 ], [ 27.583201708879329, -18.706148374581289, 0.0 ], [ 27.58331599081162, -18.70608512718794, 0.0 ], [ 27.583430599279581, -18.706021695762789, 0.0 ], [ 27.583523233894638, -18.705958027051441, 0.0 ], [ 27.583616132942009, -18.705894174546039, 0.0 ], [ 27.583773494922479, -18.705873591216982, 0.0 ], [ 27.5837971535016, -18.705852234550779, 0.0 ], [ 27.583936749206892, -18.705766790446869, 0.0 ], [ 27.58403246427838, -18.70568022036775, 0.0 ], [ 27.584106029758921, -18.705593317523331, 0.0 ], [ 27.584179706186969, -18.705506345674301, 0.0 ], [ 27.584279445576271, -18.705375250730679, 0.0 ], [ 27.584327934037741, -18.705331370107832, 0.0 ], [ 27.584379775457531, -18.7052433785313, 0.0 ], [ 27.584507224042259, -18.705065833933659, 0.0 ], [ 27.584535370517809, -18.704998787491871, 0.0 ], [ 27.584640995543658, -18.704819609334791, 0.0 ], [ 27.58469733821255, -18.70468495330266, 0.0 ], [ 27.584734585853319, -18.70450409365851, 0.0 ], [ 27.584743583542551, -18.704390307898429, 0.0 ], [ 27.58477758918627, -18.704253104033189, 0.0 ], [ 27.584795658416649, -18.70402299308725, 0.0 ], [ 27.584808710843429, -18.703860101181739, 0.0 ], [ 27.5848162884893, -18.703766382200179, 0.0 ], [ 27.584823895953299, -18.70367228813129, 0.0 ], [ 27.584827711804351, -18.703625100947701, 0.0 ], [ 27.584821029953702, -18.70341219253697, 0.0 ], [ 27.584810344824131, -18.703245640905379, 0.0 ], [ 27.584797736519459, -18.703101980435569, 0.0 ], [ 27.584714113853561, -18.702956492196449, 0.0 ], [ 27.584587443751619, -18.702737193405991, 0.0 ], [ 27.584455962249191, -18.702565631597771, 0.0 ], [ 27.584389045008859, -18.702491712675101, 0.0 ], [ 27.58434762564664, -18.702392951468362, 0.0 ], [ 27.584280368936401, -18.702318383251221, 0.0 ], [ 27.584193716960581, -18.7021683702324, 0.0 ], [ 27.58407914351433, -18.702067744908071, 0.0 ], [ 27.58389117896099, -18.701966849164961, 0.0 ], [ 27.58382276007444, -18.701890681062451, 0.0 ], [ 27.58372978951045, -18.70181420468472, 0.0 ], [ 27.583635165362171, -18.7017629934941, 0.0 ], [ 27.583422169101379, -18.701634570996081, 0.0 ], [ 27.583303623247609, -18.701557224039959, 0.0 ], [ 27.583162489889649, -18.701427781094122, 0.0 ], [ 27.583017454114959, -18.701375450345822, 0.0 ], [ 27.582821977520869, -18.701348885537332, 0.0 ], [ 27.582748271342091, -18.70134866837131, 0.0 ], [ 27.582502583342318, -18.70134795362873, 0.0 ], [ 27.582379737219451, -18.701347594321259, 0.0 ], [ 27.582183182337939, -18.701347017636511, 0.0 ], [ 27.581986624183841, -18.701346440300309, 0.0 ], [ 27.581863318798039, -18.70137207403765, 0.0 ], [ 27.581765090031439, -18.701371784935979, 0.0 ], [ 27.581617745442809, -18.701371353235452, 0.0 ], [ 27.58146990738274, -18.701422828766582, 0.0 ], [ 27.58132255025556, -18.70144831043136, 0.0 ], [ 27.581175352056089, -18.701473723799001, 0.0 ], [ 27.5810527889785, -18.701498541024151, 0.0 ], [ 27.580905957855439, -18.701574839643211, 0.0 ], [ 27.580832848201268, -18.701651585451891, 0.0 ], [ 27.58066240412758, -18.701727196915641, 0.0 ], [ 27.580662588519861, -18.701752872307001, 0.0 ], [ 27.580517348198331, -18.70185397273357, 0.0 ], [ 27.580396655453828, -18.701929418975531, 0.0 ], [ 27.580276717023981, -18.70203001978453, 0.0 ], [ 27.580156360218119, -18.702079628525951, 0.0 ], [ 27.58001361797659, -18.70220460873675, 0.0 ], [ 27.579917508160928, -18.702228934848112, 0.0 ], [ 27.579824004505369, -18.702353579881539, 0.0 ], [ 27.57980373679672, -18.70250308945737, 0.0 ], [ 27.579780998223271, -18.70255251849386, 0.0 ], [ 27.579717143270031, -18.702847739024371, 0.0 ], [ 27.579522272985539, -18.702722711833349, 0.0 ] ] ] } },
{ "type": "Feature", "properties": { "Name": "Untitled Polygon", "description": null, "timestamp": null, "begin": null, "end": null, "altitudeMode": null, "tessellate": 1, "extrude": 0, "visibility": -1, "drawOrder": null, "icon": null, "AREA": null }, "geometry": { "type": "Polygon", "coordinates": [ [ [ 27.582242532940569, -18.69548293901741, 0.0 ], [ 27.58177166702178, -18.69567872263492, 0.0 ], [ 27.581030856050589, -18.695925960498329, 0.0 ], [ 27.580731087855099, -18.69608223795294, 0.0 ], [ 27.580460282677659, -18.696241594836689, 0.0 ], [ 27.58024526093169, -18.696399635417158, 0.0 ], [ 27.580167001551111, -18.696588647182899, 0.0 ], [ 27.580114073678349, -18.696651134222648, 0.0 ], [ 27.58003721860366, -18.696869555763691, 0.0 ], [ 27.579986534219671, -18.697024505543371, 0.0 ], [ 27.579935514645129, -18.697147727568549, 0.0 ], [ 27.579938037085569, -18.697270794581112, 0.0 ], [ 27.57991455780553, -18.697423079140329, 0.0 ], [ 27.57991902433519, -18.697635794839119, 0.0 ], [ 27.579922824181569, -18.697816742503122, 0.0 ], [ 27.579927222727541, -18.698026256598212, 0.0 ], [ 27.579930343594299, -18.698174872350581, 0.0 ], [ 27.57995955025573, -18.698322710326881, 0.0 ], [ 27.57996315878761, -18.698498901143392, 0.0 ], [ 27.57999454995517, -18.698762484989, 0.0 ], [ 27.58004902490211, -18.698906877895549, 0.0 ], [ 27.580077957981761, -18.699078667745841, 0.0 ], [ 27.580132347462879, -18.699249590810371, 0.0 ], [ 27.580211456846339, -18.69939110884993, 0.0 ], [ 27.580290064379842, -18.699531076547441, 0.0 ], [ 27.580470211890511, -18.699698297353201, 0.0 ], [ 27.580572530259449, -18.699781539604128, 0.0 ], [ 27.58072516541035, -18.699864662458751, 0.0 ], [ 27.580851942879072, -18.699920003883239, 0.0 ], [ 27.581079480835971, -18.700002906837671, 0.0 ], [ 27.581155079273039, -18.700057795610562, 0.0 ], [ 27.581306110644189, -18.700113273441161, 0.0 ], [ 27.581331307398049, -18.700113440843921, 0.0 ], [ 27.58150713464147, -18.700169037189141, 0.0 ], [ 27.581606826433401, -18.700251117962122, 0.0 ], [ 27.581681472822549, -18.70030574333671, 0.0 ], [ 27.581755955544541, -18.70036025004854, 0.0 ], [ 27.581855313132749, -18.700414800469019, 0.0 ], [ 27.581953828917239, -18.70049743189421, 0.0 ], [ 27.582051358599951, -18.70060732856588, 0.0 ], [ 27.582099468082969, -18.700687750975518, 0.0 ], [ 27.582247532415, -18.700741562553858, 0.0 ], [ 27.582396025927729, -18.700768645373941, 0.0 ], [ 27.582519511717081, -18.700795624886052, 0.0 ], [ 27.58269343803298, -18.700796136507879, 0.0 ], [ 27.58279282365271, -18.700796427193239, 0.0 ], [ 27.58299159360017, -18.700797010715341, 0.0 ], [ 27.58304128519347, -18.700797156419561, 0.0 ], [ 27.583166678120449, -18.70077090901485, 0.0 ], [ 27.583290915436411, -18.700771527324221, 0.0 ], [ 27.583441225141051, -18.700745938800871, 0.0 ], [ 27.583541956133701, -18.700720004345978, 0.0 ], [ 27.583642787009349, -18.70069404749945, 0.0 ], [ 27.58377035617044, -18.700640551923211, 0.0 ], [ 27.58389839090605, -18.700586303265951, 0.0 ], [ 27.58405333399276, -18.700505175166889, 0.0 ], [ 27.5841819295688, -18.700451072876529, 0.0 ], [ 27.584310818617059, -18.700396845881041, 0.0 ], [ 27.584412970320351, -18.700369796810978, 0.0 ], [ 27.584492158684821, -18.700315234857651, 0.0 ], [ 27.584625928675699, -18.700205660673731, 0.0 ], [ 27.584707765030679, -18.700123093623599, 0.0 ], [ 27.58484701013127, -18.69995702075126, 0.0 ], [ 27.58487452726056, -18.699929242383661, 0.0 ], [ 27.584991844176059, -18.699733662593029, 0.0 ], [ 27.58502424032692, -18.69964930083886, 0.0 ], [ 27.585145272332699, -18.699422989582779, 0.0 ], [ 27.585180590648779, -18.69930896111207, 0.0 ], [ 27.585218547932389, -18.699165653850152, 0.0 ], [ 27.585254226175131, -18.69905041318038, 0.0 ], [ 27.585297671358578, -18.69884737554132, 0.0 ], [ 27.58531267399929, -18.698672675082861, 0.0 ], [ 27.585324796921, -18.698527415003181, 0.0 ], [ 27.585336988916811, -18.698381332900041, 0.0 ], [ 27.585361579749261, -18.698086685580311, 0.0 ], [ 27.585347654403769, -18.697938023402401, 0.0 ], [ 27.585312167443611, -18.69772842341569, 0.0 ], [ 27.58531956530841, -18.697638147789341, 0.0 ], [ 27.585281302711, -18.6974565002633, 0.0 ], [ 27.58521586585281, -18.69727430635605, 0.0 ], [ 27.585073971445269, -18.697030566378981, 0.0 ], [ 27.584953284562481, -18.696846290732019, 0.0 ], [ 27.584901729315391, -18.696815364173801, 0.0 ], [ 27.58472395700835, -18.696660452298939, 0.0 ], [ 27.584649299160489, -18.696566866524648, 0.0 ], [ 27.584495469484079, -18.696440446254378, 0.0 ], [ 27.584392942615739, -18.69634625929443, 0.0 ], [ 27.584342409151891, -18.69628372036858, 0.0 ], [ 27.584154147815809, -18.696251912542419, 0.0 ], [ 27.58396732050776, -18.696188759433259, 0.0 ], [ 27.583861424856469, -18.696127288942009, 0.0 ], [ 27.58375890134246, -18.69599992513136, 0.0 ], [ 27.58370752136646, -18.695935702615639, 0.0 ], [ 27.583438644743051, -18.69583888118677, 0.0 ], [ 27.58330318548245, -18.69580639105596, 0.0 ], [ 27.583142663913851, -18.695709451057859, 0.0 ], [ 27.583034152839438, -18.695676891570479, 0.0 ], [ 27.582842079750389, -18.695676301408181, 0.0 ], [ 27.58262139294764, -18.695710027731302, 0.0 ], [ 27.58248415538197, -18.69571108591537, 0.0 ], [ 27.582290535816789, -18.695777367198509, 0.0 ], [ 27.58218031691192, -18.69580929714488, 0.0 ], [ 27.581905605963669, -18.695872876031611, 0.0 ], [ 27.581603969756362, -18.695965658506889, 0.0 ], [ 27.581467012745652, -18.696027992963572, 0.0 ], [ 27.581221430991, -18.6960889042691, 0.0 ], [ 27.581139661422959, -18.69611986707995, 0.0 ], [ 27.581030707600711, -18.696278199685889, 0.0 ], [ 27.582242532940569, -18.69548293901741, 0.0 ] ] ] } },
{ "type": "Feature", "properties": { "Name": "Untitled Polygon", "description": null, "timestamp": null, "begin": null, "end": null, "altitudeMode": null, "tessellate": 1, "extrude": 0, "visibility": -1, "drawOrder": null, "icon": null, "AREA": null }, "geometry": { "type": "Polygon", "coordinates": [ [ [ 27.572274700330301, -18.709289356603961, 0.0 ], [ 27.572210691628801, -18.709385520868079, 0.0 ], [ 27.572141688723971, -18.709433564750871, 0.0 ], [ 27.572119735014279, -18.709497707321201, 0.0 ], [ 27.572099875518049, -18.709577465088959, 0.0 ], [ 27.57207814750042, -18.709640898730811, 0.0 ], [ 27.57204575260706, -18.70973546764084, 0.0 ], [ 27.572026301660319, -18.70981376674721, 0.0 ], [ 27.57202365671996, -18.709907160369031, 0.0 ], [ 27.572033519382121, -18.70998430361086, 0.0 ], [ 27.572046999746931, -18.710091194919251, 0.0 ], [ 27.5720625159184, -18.710212634835429, 0.0 ], [ 27.572066445483951, -18.710242918290529, 0.0 ], [ 27.572078174616291, -18.710333333738092, 0.0 ], [ 27.572093482385849, -18.710452598839819, 0.0 ], [ 27.57210279606727, -18.710526328311779, 0.0 ], [ 27.57211020788397, -18.710585005399089, 0.0 ], [ 27.57213189783705, -18.710643531880361, 0.0 ], [ 27.572139209367911, -18.71070166956854, 0.0 ], [ 27.572146487032839, -18.710759540057062, 0.0 ], [ 27.572171537967559, -18.710845967342841, 0.0 ], [ 27.572194641140982, -18.710917555086638, 0.0 ], [ 27.572210548162762, -18.711045184916468, 0.0 ], [ 27.572219313154608, -18.71111552968167, 0.0 ], [ 27.5722403050646, -18.71117162557664, 0.0 ], [ 27.572280178138019, -18.7112690764164, 0.0 ], [ 27.572285259083269, -18.711310552071431, 0.0 ], [ 27.572336863140041, -18.711393210338919, 0.0 ], [ 27.572372707975742, -18.711461651894108, 0.0 ], [ 27.572408354408921, -18.711529714596551, 0.0 ], [ 27.57244538403361, -18.711610880596989, 0.0 ], [ 27.572497385258011, -18.71170492319532, 0.0 ], [ 27.572547504385518, -18.71178500632664, 0.0 ], [ 27.572565771530378, -18.711824970591749, 0.0 ], [ 27.572630711889971, -18.711917764171559, 0.0 ], [ 27.572647241252589, -18.71194413724918, 0.0 ], [ 27.57268018921561, -18.7119967063399, 0.0 ], [ 27.57274134477484, -18.712062147691132, 0.0 ], [ 27.572785931326411, -18.712101260954761, 0.0 ], [ 27.572904103182811, -18.71220493091182, 0.0 ], [ 27.57297872254756, -18.712282038128009, 0.0 ], [ 27.573078175908691, -18.712346016830349, 0.0 ], [ 27.57319266704252, -18.71243492673208, 0.0 ], [ 27.573262228138759, -18.712472882776421, 0.0 ], [ 27.573289767902651, -18.712485519777861, 0.0 ], [ 27.573360090257029, -18.71253581390738, 0.0 ], [ 27.57341695610101, -18.712585850160661, 0.0 ], [ 27.573512937434231, -18.71263578381836, 0.0 ], [ 27.573608287899471, -18.712685226230171, 0.0 ], [ 27.573675367980201, -18.712709839066331, 0.0 ], [ 27.573701474688061, -18.71270984154447, 0.0 ], [ 27.573755357504421, -18.712734405438059, 0.0 ], [ 27.573835191475698, -18.712758922753441, 0.0 ], [ 27.573914870341309, -18.71278339262232, 0.0 ], [ 27.57396766520095, -18.71279561306924, 0.0 ], [ 27.57403359309054, -18.71280809663952, 0.0 ], [ 27.574139642326109, -18.712844819306351, 0.0 ], [ 27.574231589204899, -18.712868884291961, 0.0 ], [ 27.5743353703967, -18.71286879079241, 0.0 ], [ 27.574387385798989, -18.712868975833569, 0.0 ], [ 27.57447840774385, -18.71286929949067, 0.0 ], [ 27.57460842878352, -18.712869762789399, 0.0 ], [ 27.57466043397244, -18.712869947710459, 0.0 ], [ 27.574738437858031, -18.71287022508379, 0.0 ], [ 27.574777437932561, -18.712870364037531, 0.0 ], [ 27.574855435027679, -18.712870641556592, 0.0 ], [ 27.57493342769483, -18.712870919215138, 0.0 ], [ 27.574998418267231, -18.71287115018751, 0.0 ], [ 27.57511539344096, -18.712871566631009, 0.0 ], [ 27.575193369204761, -18.712871801477728, 0.0 ], [ 27.575297309019302, -18.712847790923981, 0.0 ], [ 27.57538837100817, -18.712848035357339, 0.0 ], [ 27.575440477516519, -18.712835838787949, 0.0 ], [ 27.575492553628798, -18.712835850959621, 0.0 ], [ 27.575544760410271, -18.712823639132608, 0.0 ], [ 27.57566279376459, -18.712774624941169, 0.0 ], [ 27.575728523198219, -18.712750281618899, 0.0 ], [ 27.57579410758802, -18.712738335127739, 0.0 ], [ 27.575886217478811, -18.712714182317061, 0.0 ], [ 27.575952323541681, -18.71268983124304, 0.0 ], [ 27.57597887777397, -18.71267759852331, 0.0 ], [ 27.57608494503711, -18.712640976988979, 0.0 ], [ 27.57616459221008, -18.712616551694438, 0.0 ], [ 27.576217612695121, -18.712604396670361, 0.0 ], [ 27.576298121686659, -18.712567235496788, 0.0 ], [ 27.576338761442699, -18.712542343007211, 0.0 ], [ 27.57637892059584, -18.712529892807449, 0.0 ], [ 27.576460022577109, -18.712492345742291, 0.0 ], [ 27.576515519695072, -18.712442130244181, 0.0 ], [ 27.576571217442911, -18.712391785681032, 0.0 ], [ 27.57661315019698, -18.712353884907291, 0.0 ], [ 27.576697426141621, -18.712277709058782, 0.0 ], [ 27.576756976430179, -18.712175393713771, 0.0 ], [ 27.576799601873319, -18.712136784841569, 0.0 ], [ 27.576828904555271, -18.712098057812479, 0.0 ], [ 27.57687345394293, -18.712033233690601, 0.0 ], [ 27.57693178670424, -18.711968045070108, 0.0 ], [ 27.57699224341409, -18.711876197216871, 0.0 ], [ 27.577022186029879, -18.711836614081982, 0.0 ], [ 27.57706775900537, -18.711770356660139, 0.0 ], [ 27.577114558743361, -18.71169037363142, 0.0 ], [ 27.577144936409081, -18.711650174812181, 0.0 ], [ 27.577207026477431, -18.711555867282559, 0.0 ], [ 27.577254707354939, -18.711474457101058, 0.0 ], [ 27.577315479927869, -18.71140616711461, 0.0 ], [ 27.577333774769031, -18.711351306951521, 0.0 ], [ 27.577369474417051, -18.711254706018671, 0.0 ], [ 27.577403138540241, -18.711185229491761, 0.0 ], [ 27.577408934871109, -18.71111541459214, 0.0 ], [ 27.577431276682969, -18.711016811988241, 0.0 ], [ 27.577437280804379, -18.710945875504589, 0.0 ], [ 27.577417384573671, -18.710845945279491, 0.0 ], [ 27.57741276738378, -18.710730724406339, 0.0 ], [ 27.577402105991009, -18.710687265821988, 0.0 ], [ 27.577398588219879, -18.710555927781641, 0.0 ], [ 27.577392626754961, -18.710452840217108, 0.0 ], [ 27.577386618472101, -18.710348916448279, 0.0 ], [ 27.57736724003777, -18.710229145540971, 0.0 ], [ 27.57735867893502, -18.710153711724931, 0.0 ], [ 27.577335461696951, -18.710077879749729, 0.0 ], [ 27.57732794179087, -18.709986237391679, 0.0 ], [ 27.577305658210069, -18.709893994961451, 0.0 ], [ 27.577294457180241, -18.709847631282571, 0.0 ], [ 27.577274265772701, -18.709723156214761, 0.0 ], [ 27.577248151615461, -18.709676105147238, 0.0 ], [ 27.57724031425143, -18.70958129064298, 0.0 ], [ 27.577232419469262, -18.709485784718911, 0.0 ], [ 27.577207155711271, -18.7094218036769, 0.0 ], [ 27.577140093144891, -18.709309182067031, 0.0 ], [ 27.57707138024232, -18.709211935620701, 0.0 ], [ 27.577002279253328, -18.709113582496698, 0.0 ], [ 27.57691554105963, -18.709047411606289, 0.0 ], [ 27.576858751536939, -18.708981006554719, 0.0 ], [ 27.57677122245596, -18.708914175848641, 0.0 ], [ 27.576713787829242, -18.708847104411671, 0.0 ], [ 27.576625456429511, -18.70877960245874, 0.0 ], [ 27.576522225754921, -18.708694047953781, 0.0 ], [ 27.57647841157787, -18.70864256869967, 0.0 ], [ 27.57638943269367, -18.708557177094551, 0.0 ], [ 27.57626833475701, -18.708488388380381, 0.0 ], [ 27.576132648157419, -18.708367419429099, 0.0 ], [ 27.576087453116109, -18.70831552332794, 0.0 ], [ 27.57596369910511, -18.708280663711459, 0.0 ], [ 27.575917671086039, -18.708245959917772, 0.0 ], [ 27.57576246404528, -18.708192880954179, 0.0 ], [ 27.575700187467781, -18.708174634925999, 0.0 ], [ 27.575653459336191, -18.708156925387431, 0.0 ], [ 27.575591172007758, -18.708121834117399, 0.0 ], [ 27.57543448295743, -18.708104398771521, 0.0 ], [ 27.575324696201381, -18.708104523556639, 0.0 ], [ 27.575167601931689, -18.708051741487839, 0.0 ], [ 27.57491576081037, -18.70801641004897, 0.0 ], [ 27.574773830676161, -18.707998062160691, 0.0 ], [ 27.574584865353959, -18.707996831650121, 0.0 ], [ 27.57444310812128, -18.707995853511399, 0.0 ], [ 27.574333690575319, -18.708014361724501, 0.0 ], [ 27.57417790561513, -18.708049791218841, 0.0 ], [ 27.574084446484552, -18.70806732004251, 0.0 ], [ 27.573990997414011, -18.708084302058872, 0.0 ], [ 27.573928993137962, -18.70810120784455, 0.0 ], [ 27.573851362547941, -18.708117944901481, 0.0 ], [ 27.573727905898402, -18.708152479978821, 0.0 ], [ 27.573667368321729, -18.7081873974644, 0.0 ], [ 27.573575711438679, -18.708221994533929, 0.0 ], [ 27.57352996820622, -18.708239261324881, 0.0 ], [ 27.573471065331461, -18.708291507124869, 0.0 ], [ 27.573379994071772, -18.70832584674508, 0.0 ], [ 27.573307051906841, -18.708394226444849, 0.0 ], [ 27.573247377112391, -18.708427983979149, 0.0 ], [ 27.573203348226919, -18.708461773330981, 0.0 ], [ 27.57308599405874, -18.708545846714109, 0.0 ], [ 27.573029626511701, -18.708613013703872, 0.0 ], [ 27.57294415717622, -18.70869642166419, 0.0 ], [ 27.572830491733541, -18.708796999429211, 0.0 ], [ 27.572714630169951, -18.708863875388449, 0.0 ], [ 27.57259218973806, -18.709012550034561, 0.0 ], [ 27.572538198620499, -18.709078108897021, 0.0 ], [ 27.572489419486949, -18.709191897493039, 0.0 ], [ 27.572426221257722, -18.70930507405231, 0.0 ], [ 27.57240526305263, -18.70938602267773, 0.0 ], [ 27.572373158851239, -18.709498500126031, 0.0 ], [ 27.572380428892899, -18.709562416820091, 0.0 ], [ 27.572274700330301, -18.709289356603961, 0.0 ] ] ] } },
{ "type": "Feature", "properties": { "Name": "Untitled Polygon", "description": null, "timestamp": null, "begin": null, "end": null, "altitudeMode": null, "tessellate": 1, "extrude": 0, "visibility": -1, "drawOrder": null, "icon": null, "AREA": null }, "geometry": { "type": "Polygon", "coordinates": [ [ [ 27.585027536599721, -18.7001619457338, 0.0 ], [ 27.58498335664914, -18.700217653073391, 0.0 ], [ 27.5849557192163, -18.700273195919539, 0.0 ], [ 27.58488558788018, -18.700400449985121, 0.0 ], [ 27.584862948984341, -18.70050847134204, 0.0 ], [ 27.584864586768312, -18.70052637292719, 0.0 ], [ 27.584843760052021, -18.700651255312732, 0.0 ], [ 27.584853576914199, -18.700757346723179, 0.0 ], [ 27.58483622152356, -18.700915248458259, 0.0 ], [ 27.584841107822029, -18.700967466170511, 0.0 ], [ 27.58483832671542, -18.701106216317388, 0.0 ], [ 27.584827384468628, -18.701157946610721, 0.0 ], [ 27.58482311318576, -18.701278006204841, 0.0 ], [ 27.58483300574408, -18.701380174680281, 0.0 ], [ 27.5848428403044, -18.701481645937619, 0.0 ], [ 27.584852766475869, -18.701582737294778, 0.0 ], [ 27.584862623544971, -18.701683117223808, 0.0 ], [ 27.584874036085861, -18.701799337757741, 0.0 ], [ 27.58488051605476, -18.701865324244711, 0.0 ], [ 27.584906857303249, -18.701979392920862, 0.0 ], [ 27.584934414383181, -18.702108481013841, 0.0 ], [ 27.584954252611041, -18.702156562903081, 0.0 ], [ 27.585044889096121, -18.70231488736238, 0.0 ], [ 27.585139239284722, -18.70251945108733, 0.0 ], [ 27.585191439030311, -18.702597358576408, 0.0 ], [ 27.585263642612539, -18.702736527431039, 0.0 ], [ 27.5853314149483, -18.702828644572481, 0.0 ], [ 27.585366193231462, -18.702889376847281, 0.0 ], [ 27.585434140006441, -18.702995005740949, 0.0 ], [ 27.585468497658471, -18.703055019990501, 0.0 ], [ 27.58550047581949, -18.703084938850331, 0.0 ], [ 27.585565320359461, -18.703159462558069, 0.0 ], [ 27.58561294435551, -18.703203996153441, 0.0 ], [ 27.585660420670148, -18.70324839337173, 0.0 ], [ 27.58575591873818, -18.703351454531081, 0.0 ], [ 27.585862646919541, -18.703410040843941, 0.0 ], [ 27.585893836663839, -18.703439235196029, 0.0 ], [ 27.585986175534931, -18.703511971705289, 0.0 ], [ 27.586108161507759, -18.703599048559411, 0.0 ], [ 27.586183470753099, -18.703642448099639, 0.0 ], [ 27.586332003970561, -18.7037001358153, 0.0 ], [ 27.58636174974826, -18.703714412662858, 0.0 ], [ 27.586420486047668, -18.703728615687769, 0.0 ], [ 27.586553189401808, -18.70377219157487, 0.0 ], [ 27.586611909528749, -18.70378694129435, 0.0 ], [ 27.586727921441149, -18.703787012389569, 0.0 ], [ 27.586786306936968, -18.70380102086013, 0.0 ], [ 27.586859115156539, -18.703814939953361, 0.0 ], [ 27.58697529582615, -18.703828705377749, 0.0 ], [ 27.58703357798516, -18.703842980186199, 0.0 ], [ 27.5871352340397, -18.703857300195569, 0.0 ], [ 27.587164190003609, -18.703857339630449, 0.0 ], [ 27.58722210331457, -18.703857418963871, 0.0 ], [ 27.58732345693425, -18.703857557414668, 0.0 ], [ 27.58741033736294, -18.703857675887029, 0.0 ], [ 27.587511705056659, -18.703857813598109, 0.0 ], [ 27.587613089436051, -18.70387190976901, 0.0 ], [ 27.587728821994428, -18.703900021963591, 0.0 ], [ 27.587801148473471, -18.703899929847822, 0.0 ], [ 27.58788783342235, -18.703913931975929, 0.0 ], [ 27.587945685097139, -18.703913860009092, 0.0 ], [ 27.588018009575109, -18.70391376845836, 0.0 ], [ 27.58812001835501, -18.703871090685571, 0.0 ], [ 27.588163508597042, -18.70387094661719, 0.0 ], [ 27.588236603395831, -18.703842364156749, 0.0 ], [ 27.588309865668379, -18.703813714957679, 0.0 ], [ 27.588368742609831, -18.70378505156711, 0.0 ], [ 27.588427751395521, -18.70375632321996, 0.0 ], [ 27.58850148128456, -18.70372747947626, 0.0 ], [ 27.588546167616212, -18.703698673709692, 0.0 ], [ 27.58862015039422, -18.703669895261811, 0.0 ], [ 27.588796489078572, -18.703641742350531, 0.0 ], [ 27.588870841815879, -18.703613032619518, 0.0 ], [ 27.588945349628901, -18.703584262260939, 0.0 ], [ 27.589005362985759, -18.703555360530359, 0.0 ], [ 27.589050839339659, -18.703526324635462, 0.0 ], [ 27.589142901280791, -18.70345335179347, 0.0 ], [ 27.58922071791611, -18.70337991049059, 0.0 ], [ 27.589284174404671, -18.703305996862291, 0.0 ], [ 27.589348916319839, -18.703216704706868, 0.0 ], [ 27.58939726856859, -18.703156876268729, 0.0 ], [ 27.589430967775328, -18.703096635567491, 0.0 ], [ 27.589447893516059, -18.703066366303389, 0.0 ], [ 27.589480837547139, -18.70302083537695, 0.0 ], [ 27.589563150579611, -18.70291399623823, 0.0 ], [ 27.589614696347908, -18.702822075464251, 0.0 ], [ 27.589646941967999, -18.702791552942539, 0.0 ], [ 27.589698663751498, -18.7026995903298, 0.0 ], [ 27.5897681389106, -18.70257606163738, 0.0 ], [ 27.589788988609989, -18.70249832427681, 0.0 ], [ 27.589793524300411, -18.702435837300118, 0.0 ], [ 27.589799221296449, -18.702357356035229, 0.0 ], [ 27.589808398584601, -18.702230914160289, 0.0 ], [ 27.58977017649369, -18.702119365638989, 0.0 ], [ 27.589773614012959, -18.702071252706951, 0.0 ], [ 27.58974838436475, -18.701990630551631, 0.0 ], [ 27.5897385528047, -18.701909612747091, 0.0 ], [ 27.58974196402265, -18.701860814322568, 0.0 ], [ 27.5897345820391, -18.701745641364411, 0.0 ], [ 27.589723674113038, -18.7016792714976, 0.0 ], [ 27.58971505497879, -18.70157922199412, 0.0 ], [ 27.589722103915008, -18.701478635501111, 0.0 ], [ 27.58972570417162, -18.70142791452972, 0.0 ], [ 27.589732946028541, -18.701325930962231, 0.0 ], [ 27.589737801948441, -18.70125754478066, 0.0 ], [ 27.589731513899999, -18.70112010702767, 0.0 ], [ 27.589735006944391, -18.70106865288172, 0.0 ], [ 27.589739682313031, -18.700999778407809, 0.0 ], [ 27.589683511157642, -18.700878564430312, 0.0 ], [ 27.58962690061594, -18.70075640146402, 0.0 ], [ 27.589583960846401, -18.700668259479411, 0.0 ], [ 27.589509544258529, -18.700561076677602, 0.0 ], [ 27.589465069743579, -18.700489216456049, 0.0 ], [ 27.58939185062022, -18.700344517500248, 0.0 ], [ 27.58934677868282, -18.700271627778381, 0.0 ], [ 27.589300511195791, -18.70021669655527, 0.0 ], [ 27.589271505163879, -18.700143242721229, 0.0 ], [ 27.589224934356661, -18.700087717026619, 0.0 ], [ 27.58914612713496, -18.700012862222358, 0.0 ], [ 27.589035480808739, -18.6998999033422, 0.0 ], [ 27.58895570623347, -18.699824109926659, 0.0 ], [ 27.588891443994999, -18.69976700255501, 0.0 ], [ 27.58876219072793, -18.69965214357331, 0.0 ], [ 27.588697197183389, -18.69959438707675, 0.0 ], [ 27.588614547657698, -18.699555648598579, 0.0 ], [ 27.588515962721772, -18.69947807067728, 0.0 ], [ 27.58845012947673, -18.69941965409609, 0.0 ], [ 27.588366665209989, -18.699380827148829, 0.0 ], [ 27.588248743157791, -18.699362174858621, 0.0 ], [ 27.588113792318431, -18.699343615101199, 0.0 ], [ 27.587962012846791, -18.699304900125671, 0.0 ], [ 27.587860464172149, -18.699304605160219, 0.0 ], [ 27.58779293925037, -18.699265373386119, 0.0 ], [ 27.587691261772381, -18.69926507787109, 0.0 ], [ 27.58758958360777, -18.699264781150429, 0.0 ], [ 27.587521798136791, -18.699264584044091, 0.0 ], [ 27.587453887577521, -18.699244831183371, 0.0 ], [ 27.587284313794822, -18.699244337444402, 0.0 ], [ 27.587182568721389, -18.69924404009862, 0.0 ], [ 27.587080807088689, -18.699243561231491, 0.0 ], [ 27.58694501484786, -18.699241864561479, 0.0 ], [ 27.586877102000319, -18.6992410167739, 0.0 ], [ 27.586809177489521, -18.699240168175599, 0.0 ], [ 27.586690896653611, -18.699258347833329, 0.0 ], [ 27.586640686057631, -18.699277908443221, 0.0 ], [ 27.586556774863642, -18.699298065068231, 0.0 ], [ 27.586490620381149, -18.69933763072785, 0.0 ], [ 27.586374062784628, -18.699377417168961, 0.0 ], [ 27.586258713071409, -18.69943651144311, 0.0 ], [ 27.586126080859142, -18.699476130258319, 0.0 ], [ 27.586027365546599, -18.699515424790668, 0.0 ], [ 27.585927835307029, -18.699535346607359, 0.0 ], [ 27.585863066978, -18.699574268662008, 0.0 ], [ 27.585749494885331, -18.69963239409482, 0.0 ], [ 27.58570055769567, -18.6996515713946, 0.0 ], [ 27.585618252292541, -18.69967062530684, 0.0 ], [ 27.585569463531471, -18.699689752775779, 0.0 ], [ 27.585472075875291, -18.69972793443981, 0.0 ], [ 27.585393070090959, -18.69978521806626, 0.0 ], [ 27.58531437120833, -18.699842280389181, 0.0 ], [ 27.5852225343389, -18.699937005940509, 0.0 ], [ 27.58519416975254, -18.69999362827166, 0.0 ], [ 27.585182415337211, -18.700050080566751, 0.0 ], [ 27.585142608064579, -18.700162285229698, 0.0 ], [ 27.58508935532344, -18.70030885834263, 0.0 ], [ 27.585049671011621, -18.700417634298478, 0.0 ], [ 27.585027536599721, -18.7001619457338, 0.0 ] ] ] } },
{ "type": "Feature", "properties": { "Name": "Untitled Polygon", "description": null, "timestamp": null, "begin": null, "end": null, "altitudeMode": null, "tessellate": 1, "extrude": 0, "visibility": -1, "drawOrder": null, "icon": null, "AREA": null }, "geometry": { "type": "Polygon", "coordinates": [ [ [ 27.53811770807852, -18.7013264249602, 0.0 ], [ 27.537870698581141, -18.702323712330621, 0.0 ], [ 27.53792225344672, -18.703193636577371, 0.0 ], [ 27.537947639887701, -18.703836368339449, 0.0 ], [ 27.537833563339142, -18.704154766542789, 0.0 ], [ 27.537733038340409, -18.704576087131819, 0.0 ], [ 27.5376835893092, -18.7049938072694, 0.0 ], [ 27.537647346494609, -18.70551100221703, 0.0 ], [ 27.53754897105874, -18.705920892028821, 0.0 ], [ 27.537481702582351, -18.706175332074629, 0.0 ], [ 27.537563260782001, -18.706428401576002, 0.0 ], [ 27.537761248496899, -18.70642835098478, 0.0 ], [ 27.53825028021846, -18.706377700041308, 0.0 ], [ 27.538734167527021, -18.706276351562281, 0.0 ], [ 27.538982181553319, -18.70627627242234, 0.0 ], [ 27.53922469987506, -18.70622550718403, 0.0 ], [ 27.540013939774621, -18.70617449776735, 0.0 ], [ 27.540659906480801, -18.7061742783605, 0.0 ], [ 27.541057532118639, -18.706174144032481, 0.0 ], [ 27.541306083196439, -18.706174058357849, 0.0 ], [ 27.541608532049899, -18.706224473049868, 0.0 ], [ 27.542009939355701, -18.706274563264049, 0.0 ], [ 27.542311774627269, -18.706324772797299, 0.0 ], [ 27.542464522720191, -18.706375178478929, 0.0 ], [ 27.542815624488409, -18.706425481086509, 0.0 ], [ 27.543166786127308, -18.706476480403438, 0.0 ], [ 27.54350437323108, -18.70632505856501, 0.0 ], [ 27.54369361825734, -18.706172970338439, 0.0 ], [ 27.54388972788739, -18.70612232800606, 0.0 ], [ 27.54413591990232, -18.706071686570979, 0.0 ], [ 27.544382383503091, -18.706020990894039, 0.0 ], [ 27.54468176149139, -18.70602134689705, 0.0 ], [ 27.545180778599448, -18.706021934091019, 0.0 ], [ 27.545575545107809, -18.705920241737552, 0.0 ], [ 27.54572326482857, -18.705869252592269, 0.0 ], [ 27.545919091505642, -18.705766994131722, 0.0 ], [ 27.54611533949986, -18.705664513530181, 0.0 ], [ 27.546458892859331, -18.7054588327311, 0.0 ], [ 27.546654660708072, -18.705303924914869, 0.0 ], [ 27.54690300544744, -18.70520049902499, 0.0 ], [ 27.54715045109387, -18.705044809273168, 0.0 ], [ 27.547301751000681, -18.705044962858562, 0.0 ], [ 27.54750223695785, -18.704993016129031, 0.0 ], [ 27.547752301302761, -18.704888758953679, 0.0 ], [ 27.5481049979647, -18.70483653232942, 0.0 ], [ 27.548405987917761, -18.704679532291749, 0.0 ], [ 27.548557895207249, -18.704679517992481, 0.0 ], [ 27.548759864136549, -18.704627061280689, 0.0 ], [ 27.549063031535411, -18.70452197893291, 0.0 ], [ 27.549417906654369, -18.704469324522101, 0.0 ], [ 27.54962096444671, -18.704469295545412, 0.0 ], [ 27.549925604063962, -18.704416583356529, 0.0 ], [ 27.550078112867141, -18.70436382575053, 0.0 ], [ 27.550383102571711, -18.704363779013359, 0.0 ], [ 27.550433940603781, -18.704363769547371, 0.0 ], [ 27.55068813247102, -18.704363733235851, 0.0 ], [ 27.55119590271039, -18.70441639991985, 0.0 ], [ 27.55144920847421, -18.704469050107551, 0.0 ], [ 27.55170323684429, -18.704469020945101, 0.0 ], [ 27.55205777119183, -18.704521610219022, 0.0 ], [ 27.552359901428659, -18.704626698337162, 0.0 ], [ 27.552865774567099, -18.70467922053076, 0.0 ], [ 27.553217207115861, -18.704784790065599, 0.0 ], [ 27.553417967576461, -18.70483752448974, 0.0 ], [ 27.553616528696729, -18.70494256077485, 0.0 ], [ 27.553919480630221, -18.704945462613981, 0.0 ], [ 27.554220467800171, -18.704998944588599, 0.0 ], [ 27.55457186563396, -18.705051647255971, 0.0 ], [ 27.554981687206379, -18.70494734538854, 0.0 ], [ 27.555189790412012, -18.70484269376816, 0.0 ], [ 27.555347616588399, -18.704737839025459, 0.0 ], [ 27.555361906467681, -18.704475636418579, 0.0 ], [ 27.555376292384171, -18.704211974061369, 0.0 ], [ 27.55539739233696, -18.703837807092508, 0.0 ], [ 27.555421505359998, -18.70340733201958, 0.0 ], [ 27.555581767972861, -18.703299760318451, 0.0 ], [ 27.55585148048576, -18.703084811262841, 0.0 ], [ 27.556060545579001, -18.703032327482429, 0.0 ], [ 27.55627726238918, -18.70286938649663, 0.0 ], [ 27.556598139823219, -18.702706207669571, 0.0 ], [ 27.55687213426112, -18.70248728449344, 0.0 ], [ 27.557039205745301, -18.702323125830389, 0.0 ], [ 27.55726257119246, -18.702104001388271, 0.0 ], [ 27.557378714268001, -18.701938604135009, 0.0 ], [ 27.55750359320179, -18.701661159313272, 0.0 ], [ 27.557677323676081, -18.701438308821029, 0.0 ], [ 27.557804874281981, -18.701154898981589, 0.0 ], [ 27.557821141892841, -18.700932100131599, 0.0 ], [ 27.558004844306659, -18.700594734604621, 0.0 ], [ 27.55806672184201, -18.700480797129512, 0.0 ], [ 27.55830600412396, -18.70013815474039, 0.0 ], [ 27.55843136803534, -18.699907337352879, 0.0 ], [ 27.55861038409553, -18.699676110936881, 0.0 ], [ 27.558620701769069, -18.699558598141721, 0.0 ], [ 27.558752902148349, -18.699265638121059, 0.0 ], [ 27.559014168441511, -18.698734435412721, 0.0 ], [ 27.559104708463071, -18.698318537962681, 0.0 ], [ 27.559233467015311, -18.69808111651211, 0.0 ], [ 27.559319709284011, -18.697721206023271, 0.0 ], [ 27.559402119362019, -18.69741688495743, 0.0 ], [ 27.559424723081349, -18.69717195424716, 0.0 ], [ 27.559222330275279, -18.69698875307575, 0.0 ], [ 27.55891874746926, -18.696685712150881, 0.0 ], [ 27.558833705939829, -18.696380762743861, 0.0 ], [ 27.55900917692313, -18.696257516557129, 0.0 ], [ 27.559250715730411, -18.696010631256559, 0.0 ], [ 27.55937633741808, -18.695827354272001, 0.0 ], [ 27.559507406618089, -18.695582334614539, 0.0 ], [ 27.559762740506489, -18.69520727520079, 0.0 ], [ 27.55989803262193, -18.694952429024202, 0.0 ], [ 27.560133721624752, -18.69482366756759, 0.0 ], [ 27.560295314975669, -18.69488664265965, 0.0 ], [ 27.560680270370511, -18.694948394301989, 0.0 ], [ 27.560939939155681, -18.69513785258092, 0.0 ], [ 27.561163146475572, -18.695136714525681, 0.0 ], [ 27.561281553969561, -18.69507258206913, 0.0 ], [ 27.5617425239151, -18.69494289004491, 0.0 ], [ 27.561939178456889, -18.694686163782649, 0.0 ], [ 27.562031306735811, -18.69436515803547, 0.0 ], [ 27.562172747919099, -18.69410730222652, 0.0 ], [ 27.56220971046212, -18.693782744345359, 0.0 ], [ 27.562246896456688, -18.693456225411651, 0.0 ], [ 27.562276570476691, -18.69319412174125, 0.0 ], [ 27.56231240503957, -18.692868101083899, 0.0 ], [ 27.56235568177674, -18.692474383433652, 0.0 ], [ 27.562256527885982, -18.691811468129711, 0.0 ], [ 27.562062800892591, -18.69147659899733, 0.0 ], [ 27.56191839220719, -18.691207658668219, 0.0 ], [ 27.56174271855788, -18.690667978690779, 0.0 ], [ 27.5616632911305, -18.690322455976329, 0.0 ], [ 27.561590733337152, -18.689904792820009, 0.0 ], [ 27.561482385585279, -18.689268216770301, 0.0 ], [ 27.561335203004159, -18.688984494795729, 0.0 ], [ 27.561313611545, -18.688624606726599, 0.0 ], [ 27.56121722047865, -18.688409198490419, 0.0 ], [ 27.561150361374271, -18.687900145114341, 0.0 ], [ 27.560999997578222, -18.687611042347129, 0.0 ], [ 27.560848280190271, -18.687322380885451, 0.0 ], [ 27.560795315882491, -18.687249944178468, 0.0 ], [ 27.560516694714071, -18.687030933284689, 0.0 ], [ 27.559946000814211, -18.68667797864407, 0.0 ], [ 27.55935784869536, -18.68647978243726, 0.0 ], [ 27.558724565048259, -18.686163061157799, 0.0 ], [ 27.558496203737221, -18.686007216325081, 0.0 ], [ 27.558271501862219, -18.68578067311606, 0.0 ], [ 27.557788235150209, -18.685778889129811, 0.0 ], [ 27.557244552102741, -18.685776884663511, 0.0 ], [ 27.556821680384861, -18.685775323139339, 0.0 ], [ 27.55651105677865, -18.685924128338019, 0.0 ], [ 27.5562529419417, -18.686223811577118, 0.0 ], [ 27.5555008102857, -18.686820845211731, 0.0 ], [ 27.555184123147829, -18.687189923990839, 0.0 ], [ 27.55493914877804, -18.687334433636941, 0.0 ], [ 27.55462808712862, -18.687632512457888, 0.0 ], [ 27.554321464619381, -18.687857183498171, 0.0 ], [ 27.553892457122149, -18.688227134080648, 0.0 ], [ 27.55365343276469, -18.688301286218469, 0.0 ], [ 27.55346706838532, -18.688588468359661, 0.0 ], [ 27.553456053521959, -18.68894188250755, 0.0 ], [ 27.553510361137342, -18.689082352379479, 0.0 ], [ 27.553618584585081, -18.689362279155851, 0.0 ], [ 27.55372164759353, -18.689779485877509, 0.0 ], [ 27.554220622622431, -18.690465301544389, 0.0 ], [ 27.554551899104808, -18.6908729002242, 0.0 ], [ 27.554656076362079, -18.691143716625682, 0.0 ], [ 27.554702160965391, -18.691414116627278, 0.0 ], [ 27.55452673566322, -18.69148246746478, 0.0 ], [ 27.553896555231621, -18.6914191600092, 0.0 ], [ 27.553721675511959, -18.69148769627628, 0.0 ], [ 27.55337229045357, -18.691627154494899, 0.0 ], [ 27.55319818071797, -18.691694769909379, 0.0 ], [ 27.55279336083851, -18.69182982279111, 0.0 ], [ 27.552678851113111, -18.691829995775169, 0.0 ], [ 27.55244674887685, -18.69196445065668, 0.0 ], [ 27.55215948955297, -18.692031807218282, 0.0 ], [ 27.551756274244461, -18.692230051845961, 0.0 ], [ 27.551298429647328, -18.692361009085989, 0.0 ], [ 27.550953522819871, -18.692689847408559, 0.0 ], [ 27.550611979080038, -18.692817831628741, 0.0 ], [ 27.55021471065724, -18.692882909389329, 0.0 ], [ 27.549874580375501, -18.692948028022101, 0.0 ], [ 27.549647687217441, -18.692815785198921, 0.0 ], [ 27.54958974585497, -18.692352007436579, 0.0 ], [ 27.549531103718529, -18.69181732760924, 0.0 ], [ 27.549529682299681, -18.691348011663209, 0.0 ], [ 27.549528377197859, -18.690939281650621, 0.0 ], [ 27.54952725436797, -18.690594865374401, 0.0 ], [ 27.54958434412903, -18.690317517054829, 0.0 ], [ 27.549641294623211, -18.689830098120179, 0.0 ], [ 27.549757284135399, -18.689340145973809, 0.0 ], [ 27.549815550467962, -18.68891658609482, 0.0 ], [ 27.54987423827188, -18.68827511168762, 0.0 ], [ 27.549933499935651, -18.687843498566291, 0.0 ], [ 27.549993340669179, -18.68726057607995, 0.0 ], [ 27.549994023326999, -18.686522483488741, 0.0 ], [ 27.54999450523777, -18.686000092029388, 0.0 ], [ 27.549994960788379, -18.68546776540656, 0.0 ], [ 27.54999515368964, -18.685237718616779, 0.0 ], [ 27.549995285848759, -18.685083832573788, 0.0 ], [ 27.549934720158099, -18.684545067646901, 0.0 ], [ 27.549934889162571, -18.684161494223229, 0.0 ], [ 27.549873624473509, -18.683775701222299, 0.0 ], [ 27.549750245094511, -18.683309654385582, 0.0 ], [ 27.54956440351139, -18.68299741929296, 0.0 ], [ 27.549378926988648, -18.682998311855911, 0.0 ], [ 27.54894616540027, -18.682999106471929, 0.0 ], [ 27.54857692511138, -18.683155314277322, 0.0 ], [ 27.548394668528431, -18.683390305619799, 0.0 ], [ 27.53811770807852, -18.7013264249602, 0.0 ] ] ] } },
{ "type": "Feature", "properties": { "Name": "Untitled Polygon", "description": null, "timestamp": null, "begin": null, "end": null, "altitudeMode": null, "tessellate": 1, "extrude": 0, "visibility": -1, "drawOrder": null, "icon": null, "AREA": null }, "geometry": { "type": "Polygon", "coordinates": [ [ [ 27.53803291882102, -18.691476509819068, 0.0 ], [ 27.538076948033019, -18.691555048019051, 0.0 ], [ 27.538130316747679, -18.691607163690019, 0.0 ], [ 27.538182257941511, -18.691646124063428, 0.0 ], [ 27.538246077139359, -18.69168497947803, 0.0 ], [ 27.538314143276619, -18.691774978065169, 0.0 ], [ 27.538344721013001, -18.691851510524661, 0.0 ], [ 27.538375097770221, -18.69192753756769, 0.0 ], [ 27.538404222333, -18.69199051923232, 0.0 ], [ 27.538458946460469, -18.69207814666575, 0.0 ], [ 27.538490646332551, -18.692177409584041, 0.0 ], [ 27.538532846975549, -18.692263590475122, 0.0 ], [ 27.53856491950491, -18.69237338999832, 0.0 ], [ 27.538592970016222, -18.692433953660569, 0.0 ], [ 27.538658441674979, -18.692530228941791, 0.0 ], [ 27.538683423023361, -18.69255418891327, 0.0 ], [ 27.53873152791919, -18.692578151758621, 0.0 ], [ 27.53880106120172, -18.692578312647981, 0.0 ], [ 27.53886748919961, -18.69253070972287, 0.0 ], [ 27.538933461063738, -18.692470874973949, 0.0 ], [ 27.538966217236009, -18.69243480147173, 0.0 ], [ 27.538998366789968, -18.692386495347399, 0.0 ], [ 27.53904237373682, -18.69233800406403, 0.0 ], [ 27.539074830426689, -18.6922892754407, 0.0 ], [ 27.5391074286918, -18.692240333266479, 0.0 ], [ 27.539151328016779, -18.692178860919238, 0.0 ], [ 27.539184875083141, -18.692141831593482, 0.0 ], [ 27.539241622993071, -18.69209229268662, 0.0 ], [ 27.53929862228798, -18.692042534864079, 0.0 ], [ 27.53937967228925, -18.691992608165918, 0.0 ], [ 27.539436746536879, -18.691929790082721, 0.0 ], [ 27.53950565470301, -18.69185394776564, 0.0 ], [ 27.53953985039962, -18.691803078375141, 0.0 ], [ 27.53959785132572, -18.691739203947431, 0.0 ], [ 27.539644110660131, -18.691674945846131, 0.0 ], [ 27.539690630097109, -18.691610326627469, 0.0 ], [ 27.539725940585399, -18.691571395447749, 0.0 ], [ 27.53978535651596, -18.69151930526316, 0.0 ], [ 27.539845308054549, -18.691480112405198, 0.0 ], [ 27.539893272985239, -18.691440762120699, 0.0 ], [ 27.539905231946641, -18.69142760790977, 0.0 ], [ 27.540001725087521, -18.691348112978851, 0.0 ], [ 27.540098959253751, -18.691280462361838, 0.0 ], [ 27.540147756298701, -18.69123978087854, 0.0 ], [ 27.540184508165289, -18.691212915342469, 0.0 ], [ 27.540209083852819, -18.69119961615818, 0.0 ], [ 27.54027057926422, -18.691132665818682, 0.0 ], [ 27.54029525003822, -18.691078741639149, 0.0 ], [ 27.540307601460249, -18.690983673258369, 0.0 ], [ 27.540345101904681, -18.69081900055567, 0.0 ], [ 27.540370326157419, -18.69073584381001, 0.0 ], [ 27.54039563280103, -18.690680122110312, 0.0 ], [ 27.54044629631839, -18.690624240589369, 0.0 ], [ 27.540522137325279, -18.69061046959084, 0.0 ], [ 27.54067448767789, -18.69055465419801, 0.0 ], [ 27.5407767944588, -18.690498389076101, 0.0 ], [ 27.54093042623812, -18.690442058899372, 0.0 ], [ 27.541020644059429, -18.690399543718769, 0.0 ], [ 27.541072898396511, -18.690356736102771, 0.0 ], [ 27.54108699398968, -18.690313632880219, 0.0 ], [ 27.541064035102689, -18.690226779201961, 0.0 ], [ 27.541028663135979, -18.6901227124998, 0.0 ], [ 27.540991298616099, -18.690077579330818, 0.0 ], [ 27.540979642044949, -18.690032495703459, 0.0 ], [ 27.540930189591101, -18.689942277306638, 0.0 ], [ 27.540905664549278, -18.689882065267199, 0.0 ], [ 27.54084218997766, -18.68980646233339, 0.0 ], [ 27.540791396746201, -18.68973088210846, 0.0 ], [ 27.540740042654239, -18.689670094445251, 0.0 ], [ 27.540635246992171, -18.68965488614996, 0.0 ], [ 27.540569592256041, -18.689655106962839, 0.0 ], [ 27.540516951599951, -18.68967060469668, 0.0 ], [ 27.540464206223309, -18.68971634714017, 0.0 ], [ 27.540411712160768, -18.689746853533119, 0.0 ], [ 27.540359325857811, -18.68979231147096, 0.0 ], [ 27.54029413326051, -18.689867577982898, 0.0 ], [ 27.540242258633999, -18.689927296581718, 0.0 ], [ 27.540151775101009, -18.6899865363436, 0.0 ], [ 27.540100356490459, -18.690030844110861, 0.0 ], [ 27.540049761896888, -18.69013387904312, 0.0 ], [ 27.53999883000888, -18.69017766127385, 0.0 ], [ 27.539961353419891, -18.690250770900661, 0.0 ], [ 27.539924570877279, -18.690352387461971, 0.0 ], [ 27.539899780050781, -18.690395376453129, 0.0 ], [ 27.539825357171189, -18.69049507255782, 0.0 ], [ 27.539762896696939, -18.69053749599253, 0.0 ], [ 27.539663527666448, -18.690608188674972, 0.0 ], [ 27.539564300819411, -18.690664411403699, 0.0 ], [ 27.539526981060831, -18.69067837551065, 0.0 ], [ 27.539476615146111, -18.690678182990531, 0.0 ], [ 27.539450408260489, -18.690649845457479, 0.0 ], [ 27.539423121442919, -18.69059335684911, 0.0 ], [ 27.539369338035211, -18.690508436876922, 0.0 ], [ 27.539304805836391, -18.690479916133611, 0.0 ], [ 27.539292117789241, -18.690479892646159, 0.0 ], [ 27.539241368617748, -18.690479800237149, 0.0 ], [ 27.53916657366516, -18.690508067249059, 0.0 ], [ 27.5391179580573, -18.69055045838823, 0.0 ], [ 27.53908213856079, -18.690592726742469, 0.0 ], [ 27.53907236829108, -18.69064892685121, 0.0 ], [ 27.539076660235459, -18.6907329119514, 0.0 ], [ 27.539067799685959, -18.690802844427669, 0.0 ], [ 27.539057506686529, -18.69084458772641, 0.0 ], [ 27.539023050819949, -18.690899936306209, 0.0 ], [ 27.538964661764521, -18.690968699048089, 0.0 ], [ 27.53886856504144, -18.691023230379809, 0.0 ], [ 27.538797671288989, -18.691077603506361, 0.0 ], [ 27.538739432110589, -18.691131686662121, 0.0 ], [ 27.538668200993349, -18.69117202489468, 0.0 ], [ 27.53860951548597, -18.691212246366181, 0.0 ], [ 27.538527491495969, -18.691265652715391, 0.0 ], [ 27.538315711814981, -18.69137163768043, 0.0 ], [ 27.538128947993471, -18.691463574048701, 0.0 ], [ 27.53804890209442, -18.691515832817259, 0.0 ], [ 27.53803291882102, -18.691476509819068, 0.0 ] ] ] } },
{ "type": "Feature", "properties": { "Name": "Untitled Polygon", "description": null, "timestamp": null, "begin": null, "end": null, "altitudeMode": null, "tessellate": 1, "extrude": 0, "visibility": -1, "drawOrder": null, "icon": null, "AREA": null }, "geometry": { "type": "Polygon", "coordinates": [ [ [ 27.539757734271941, -18.693679945199801, 0.0 ], [ 27.540774109900401, -18.69307879024074, 0.0 ], [ 27.541297098910729, -18.693541877489981, 0.0 ], [ 27.542162861716651, -18.692342742190799, 0.0 ], [ 27.541151494778831, -18.69138926131011, 0.0 ], [ 27.539303760447591, -18.693170371562189, 0.0 ], [ 27.539757734271941, -18.693679945199801, 0.0 ] ] ] } },
{ "type": "Feature", "properties": { "Name": "Untitled Polygon", "description": null, "timestamp": null, "begin": null, "end": null, "altitudeMode": null, "tessellate": 1, "extrude": 0, "visibility": -1, "drawOrder": null, "icon": null, "AREA": null }, "geometry": { "type": "Polygon", "coordinates": [ [ [ 27.5411336888024, -18.695107539383908, 0.0 ], [ 27.542459867696682, -18.693737311804441, 0.0 ], [ 27.541957115142431, -18.692955429505311, 0.0 ], [ 27.54045504847403, -18.694418729148431, 0.0 ], [ 27.5411336888024, -18.695107539383908, 0.0 ] ] ] } },
{ "type": "Feature", "properties": { "Name": "Untitled Polygon", "description": null, "timestamp": null, "begin": null, "end": null, "altitudeMode": null, "tessellate": 1, "extrude": 0, "visibility": -1, "drawOrder": null, "icon": null, "AREA": null }, "geometry": { "type": "Polygon", "coordinates": [ [ [ 27.534782658425751, -18.684595897820671, 0.0 ], [ 27.534878624514409, -18.685832514464089, 0.0 ], [ 27.536148844441449, -18.685456823787948, 0.0 ], [ 27.53701344638689, -18.68548094002891, 0.0 ], [ 27.537059219438898, -18.68470753883091, 0.0 ], [ 27.536193084486321, -18.684670369344051, 0.0 ], [ 27.535804077691282, -18.684646013977449, 0.0 ], [ 27.535489136741241, -18.684563379033399, 0.0 ], [ 27.534984642661591, -18.684561474939429, 0.0 ], [ 27.53497205236469, -18.684549994139509, 0.0 ], [ 27.534782658425751, -18.684595897820671, 0.0 ] ] ] } },
{ "type": "Feature", "properties": { "Name": "Untitled Polygon", "description": null, "timestamp": null, "begin": null, "end": null, "altitudeMode": null, "tessellate": 1, "extrude": 0, "visibility": -1, "drawOrder": null, "icon": null, "AREA": null }, "geometry": { "type": "Polygon", "coordinates": [ [ [ 27.54268123123116, -18.682719867345661, 0.0 ], [ 27.54288580177365, -18.683448723524702, 0.0 ], [ 27.54410180003681, -18.683056280611371, 0.0 ], [ 27.544056285350969, -18.682130750557508, 0.0 ], [ 27.544052020117849, -18.68211825528439, 0.0 ], [ 27.542615888233051, -18.682004105594011, 0.0 ], [ 27.542592721992069, -18.68200383868335, 0.0 ], [ 27.54268123123116, -18.682719867345661, 0.0 ] ] ] } },
{ "type": "Feature", "properties": { "Name": "Untitled Polygon", "description": null, "timestamp": null, "begin": null, "end": null, "altitudeMode": null, "tessellate": 1, "extrude": 0, "visibility": -1, "drawOrder": null, "icon": null, "AREA": null }, "geometry": { "type": "Polygon", "coordinates": [ [ [ 27.542230092410659, -18.681099914962179, 0.0 ], [ 27.54245032090806, -18.681704190117369, 0.0 ], [ 27.543877953105039, -18.68147955560228, 0.0 ], [ 27.543842417688449, -18.680284053633049, 0.0 ], [ 27.543835393779581, -18.680226189830321, 0.0 ], [ 27.543820428065828, -18.68018455821878, 0.0 ], [ 27.542263123026441, -18.680509050916569, 0.0 ], [ 27.542230092410659, -18.681099914962179, 0.0 ] ] ] } },
{ "type": "Feature", "properties": { "Name": "Untitled Polygon", "description": null, "timestamp": null, "begin": null, "end": null, "altitudeMode": null, "tessellate": 1, "extrude": 0, "visibility": -1, "drawOrder": null, "icon": null, "AREA": null }, "geometry": { "type": "Polygon", "coordinates": [ [ [ 27.545478734306769, -18.679757315734701, 0.0 ], [ 27.54528841041083, -18.679811324175489, 0.0 ], [ 27.54524224416123, -18.680176884656088, 0.0 ], [ 27.545301818159182, -18.680468938782401, 0.0 ], [ 27.54509135858353, -18.681779750872948, 0.0 ], [ 27.545917559470158, -18.68232500699278, 0.0 ], [ 27.547479591708441, -18.680085622717861, 0.0 ], [ 27.545679504748001, -18.679450531890279, 0.0 ], [ 27.545645721114891, -18.679450408491881, 0.0 ], [ 27.545478734306769, -18.679757315734701, 0.0 ] ] ] } }
]
}
