{"type":"FeatureCollection","crs":{"type":"name","properties":{"name":"EPSG:4326"}},"features":[{"type":"Feature","id":1,"geometry":{"type":"Polygon","coordinates":[[[27.665351027000042,-18.675113247999946,0],[27.667448954000065,-18.675940905999937,0],[27.669543082000075,-18.676767091999977,0],[27.671752916000059,-18.678265885999963,0],[27.67364569800003,-18.680137093999974,0],[27.676853319000031,-18.682898027999954,0],[27.677858615000048,-18.684165216999929,0],[27.678350243000068,-18.686848905999966,0],[27.680331249000062,-18.689370925999981,0],[27.681320112000037,-18.69062979499995,0],[27.682405561000053,-18.69255291199994,0],[27.683562790000053,-18.69513668299993,0],[27.684943540000063,-18.696680504999961,0],[27.686536272000069,-18.699551503999942,0],[27.686443869000072,-18.701252760999978,0],[27.687845394000078,-18.702791482999942,0],[27.690083786000059,-18.702549251999926,0],[27.692524344000049,-18.701272820999975,0],[27.694329451000044,-18.700740658999962,0],[27.696449025000049,-18.699837701999968,0],[27.699844709000047,-18.699808951999955,0],[27.701437061000036,-18.70031062399994,0],[27.704194338000036,-18.701022058999968,0],[27.707800322000026,-18.702311985999927,0],[27.710145040000043,-18.702731605999929,0],[27.710572438000042,-18.703021087999957,0],[27.714586857000029,-18.705684395999981,0],[27.715166575000069,-18.705622972999947,0],[27.717998750000049,-18.70660595499993,0],[27.721065052000029,-18.707303718999981,0],[27.724363924000045,-18.707717560999981,0],[27.727076830000044,-18.708191562999957,0],[27.730898445000037,-18.708540289999974,0],[27.733851028000061,-18.709228718999952,0],[27.734729580000078,-18.709385108999982,0],[27.737355936000029,-18.709853545999977,0],[27.739808997000068,-18.711098437999965,0],[27.741436932000056,-18.712186138999982,0],[27.742756239000073,-18.713054210999928,0],[27.744731930000057,-18.71435368899995,0],[27.74594494300004,-18.714723207999953,0],[27.748602143000028,-18.715182151999954,0],[27.750605385000028,-18.715209104999929,0],[27.753235807000067,-18.715666409999926,0],[27.755753326000047,-18.715630671999975,0],[27.757949085000064,-18.715380216999961,0],[27.762515189000055,-18.715862530999971,0],[27.765187837000042,-18.716807422999977,0],[27.765819726000075,-18.717234695999935,0],[27.766530949000071,-18.71815139399996,0],[27.76709317500007,-18.71983217099995,0],[27.76741981400005,-18.723527859999933,0],[27.767810836000024,-18.724227712999948,0],[27.769036546000052,-18.726814445999935,0],[27.769564487000025,-18.728487694999956,0],[27.770395632000032,-18.730370627999946,0],[27.772216320000041,-18.731637280999962,0],[27.774209950000056,-18.732138201999931,0],[27.776983098000073,-18.734023864999926,0],[27.777925505000042,-18.734647665999944,0],[27.781352996000066,-18.736931205999952,0],[27.782902482000054,-18.737966372999949,0],[27.784757765000052,-18.73920579299994,0],[27.78653821100005,-18.739961157999971,0],[27.788006403000054,-18.740509388999953,0],[27.789777493000031,-18.741262098999982,0],[27.792071486000054,-18.741947839999966,0],[27.793525201000023,-18.742493816999968,0],[27.795192565000036,-18.742770134999944,0],[27.799198293000075,-18.742507529999955,0],[27.800254746000064,-18.742374111999936,0],[27.802598240000066,-18.740137343999947,0],[27.803805727000054,-18.739257798999972,0],[27.805766042000073,-18.738041865999946,0],[27.807431509000025,-18.736620089999974,0],[27.808762093000041,-18.736699495999972,0],[27.809434445000079,-18.739279000999943,0],[27.80987972500003,-18.740432504999944,0],[27.810693916000048,-18.742263023999953,0],[27.810462031000043,-18.744223383999952,0],[27.810086745000035,-18.745235600999933,0],[27.810294546000023,-18.746657700999947,0],[27.811311508000074,-18.748217730999954,0],[27.812414102000048,-18.748560287999965,0],[27.814644208000061,-18.749233287999971,0],[27.815836689000037,-18.750036763999958,0],[27.816649792000078,-18.751847141999974,0],[27.817235010000047,-18.753924120999955,0],[27.817504772000063,-18.755807415999982,0],[27.81769687600007,-18.757223729999964,0],[27.818050720000031,-18.75956464099994,0],[27.81859263900003,-18.761146162999978,0],[27.819940798000061,-18.762854516999937,0],[27.821419715000047,-18.76383642199994,0],[27.822600630000068,-18.764620479999962,0],[27.82457338200004,-18.765538310999943,0],[27.825736536000079,-18.766328285999975,0],[27.827923104000035,-18.766976985999975,0],[27.829593654000064,-18.767694458999927,0],[27.83126138800003,-18.768410685999982,0],[27.83381270700005,-18.768059755999957,0],[27.836137784000073,-18.767975669999942,0],[27.839695170000027,-18.767485716999943,0],[27.841725062000023,-18.767205082999965,0],[27.844833141000038,-18.767241903999945,0],[27.846640074000049,-18.767221756999959,0],[27.84980319500005,-18.767713095999966,0],[27.852388203000032,-18.767815796999969,0],[27.85452452100003,-18.768451460999927,0],[27.856436820000056,-18.769350136999947,0],[27.857847782000078,-18.770313894999958,0],[27.860192705000031,-18.770677568999929,0],[27.862563877000071,-18.769409146999976,0],[27.864960756000073,-18.766514672999961,0],[27.865611172000058,-18.76572983899996,0],[27.866912526000078,-18.764159706999976,0],[27.86756390000005,-18.763373476999959,0],[27.86815305500005,-18.762131514999965,0],[27.869238774000053,-18.760820967999962,0],[27.87026241600006,-18.759054412999944,0],[27.87079013500005,-18.757355097999948,0],[27.871379914000045,-18.75611185799994,0],[27.871535409000046,-18.755392577999942,0],[27.871723291000023,-18.753037549999931,0],[27.872251830000039,-18.751334516999975,0],[27.872562151000068,-18.749894481999945,0],[27.872069530000033,-18.746218627999951,0],[27.869797078000033,-18.742532528999959,0],[27.868262635000065,-18.740619522999964,0],[27.867572855000049,-18.739296851999939,0],[27.86722756000006,-18.738634773999934,0],[27.866036145000066,-18.737372532999927,0],[27.865779746000044,-18.735517453999933,0],[27.865021920000061,-18.733722252999939,0],[27.863765989000058,-18.731983999999954,0],[27.862351680000074,-18.730974085999947,0],[27.860652332000029,-18.729759491999971,0],[27.860083447000079,-18.729354754999974,0],[27.859889517000056,-18.72795132899995,0],[27.861586552000063,-18.72536065099996,0],[27.862467425000034,-18.724299402999975,0],[27.863568432000079,-18.72297292899998,0],[27.864164368000047,-18.721708297999953,0],[27.864254387000074,-18.720504867999978,0],[27.864785859000051,-18.718769247999944,0],[27.866106140000056,-18.717176886999937,0],[27.866986284000063,-18.716115335999973,0],[27.868306403000076,-18.714523102999976,0],[27.870003500000053,-18.711928698999941,0],[27.87104058400007,-18.710130381999932,0],[27.871071775000075,-18.708448942999951,0],[27.871008889000052,-18.707976663999943,0],[27.872203517000059,-18.70543730299994,0],[27.872801634000041,-18.704166891999932,0],[27.873462934000031,-18.703369822999946,0],[27.874722854000026,-18.701301927999964,0],[27.87598308500003,-18.699233493999941,0],[27.876423847000069,-18.69870205999996,0],[27.87730579600003,-18.697639398999968,0],[27.87934931500007,-18.695722349999983,0],[27.88041425800003,-18.696083727999962,0],[27.881100012000047,-18.697449988999949,0],[27.881064670000058,-18.699136395999972,0],[27.882186411000077,-18.699967560999937,0],[27.88458059900006,-18.70088809899994,0],[27.887690234000047,-18.701485330999958,0],[27.888128971000071,-18.700956779999956,0],[27.889723372000049,-18.699578593999945,0],[27.89022088300004,-18.699521659999959,0],[27.891813738000053,-18.698144365999951,0],[27.893026248000069,-18.697767023999972,0],[27.895506685000043,-18.69748431599993,0],[27.89726967200005,-18.697522247999927,0],[27.900075048000076,-18.69791803499993,0],[27.902598177000073,-18.698106138999947,0],[27.904680197000062,-18.698818503999973,0],[27.906757715000026,-18.699529580999979,0],[27.907850580000058,-18.700352396999961,0],[27.910192994000056,-18.701265710999962,0],[27.913014412000052,-18.699992484999939,0],[27.913990342000034,-18.699879626999973,0],[27.916860616000065,-18.699074129999929,0],[27.918266862000053,-18.698438780999936,0],[27.919131605000075,-18.697394188999965,0],[27.920535463000078,-18.696760562999941,0],[27.922044494000033,-18.697059685999932,0],[27.923119832000054,-18.697879631999967,0],[27.923762304000036,-18.699219364999976,0],[27.925259840000024,-18.701632874999973,0],[27.925632310000026,-18.702763589999961,0],[27.926486634000071,-18.703836256999978,0],[27.92873269100005,-18.704274188999932,0],[27.929746650000027,-18.704622379999932,0],[27.931290894000028,-18.705374796999934,0],[27.934219165000059,-18.705493774999979,0],[27.935869310000044,-18.70506409199993,0],[27.937039361000075,-18.704691620999938,0],[27.939163245000032,-18.704206177999936,0],[27.940544833000047,-18.703576099999964,0],[27.941826673000037,-18.702025980999963,0],[27.942894768000031,-18.700734316999956,0],[27.945982786000059,-18.69803987399996,0],[27.946885763000068,-18.697467874999973,0],[27.948526298000047,-18.697043017999931,0],[27.949740696000049,-18.697133842999961,0],[27.950736588000041,-18.697483595999927,0],[27.953316613000027,-18.696949693999954,0],[27.955679152000073,-18.696674023999947,0],[27.958720848000041,-18.696086860999969,0],[27.960982106000074,-18.694894752999971,0],[27.962088944000072,-18.694069682999952,0],[27.963362156000073,-18.692528980999953,0],[27.96399868900005,-18.691758670999945,0],[27.964849711000056,-18.69073080499993,0],[27.96603809100003,-18.688268198999936,0],[27.966632605000029,-18.68703617999995,0],[27.966286781000065,-18.685910465999939,0],[27.965896179000026,-18.684321786999931,0],[27.964651574000072,-18.683761574999949,0],[27.963191732000041,-18.683458426999948,0],[27.961684587000036,-18.682691750999936,0],[27.960174809000023,-18.681923712999946,0],[27.958922275000077,-18.681360004999931,0],[27.956458266000027,-18.68069509299994,0],[27.954035063000049,-18.680493980999927,0],[27.949916379000058,-18.680242186999976,0],[27.948008468000069,-18.680451771999969,0],[27.946575576000043,-18.680609051999966,0],[27.944446835000065,-18.68107912399995,0],[27.943009524000047,-18.681237322999948,0],[27.939914711000029,-18.681814509999981,0],[27.937941250000051,-18.681558332999941,0],[27.937093502000039,-18.680466511999953,0],[27.935660970000072,-18.678486716999942,0],[27.934593702000029,-18.677651605999927,0],[27.932722764000061,-18.676186532999964,0],[27.930630557000029,-18.674978917999965,0],[27.928800760000058,-18.673980173999951,0],[27.928044779000061,-18.673822259999952,0],[27.926696504000063,-18.672769681999966,0],[27.925129089000052,-18.671976490999953,0],[27.92312331200003,-18.671707267999977,0],[27.920677804000036,-18.671963829999981,0],[27.919752152000058,-18.672541612999964,0],[27.917572065000059,-18.673013368999932,0],[27.916590598000028,-18.673115738999968,0],[27.915334877000078,-18.673008021999976,0],[27.912489586000049,-18.672103886999935,0],[27.910898222000071,-18.671305494999956,0],[27.90952420900004,-18.670239341999945,0],[27.908698195000056,-18.66959905799996,0],[27.907319391000044,-18.668530271999941,0],[27.905661357000042,-18.667245004999927,0],[27.904553993000036,-18.66638646399997,0],[27.902889319000053,-18.665093499999955,0],[27.89982720200004,-18.662710665999953,0],[27.89731224600007,-18.660760431999961,0],[27.896191689000034,-18.659891456999958,0],[27.890481669000053,-18.658986781999943,0],[27.884989870000027,-18.660033103999979,0],[27.882963043000075,-18.660229848999961,0],[27.880170977000034,-18.662486332999947,0],[27.878773575000025,-18.663614089999953,0],[27.877214998000056,-18.665495097999951,0],[27.875657981000074,-18.667378319999955,0],[27.874323534000041,-18.66899271799997,0],[27.873211246000039,-18.670337564999954,0],[27.871367765000059,-18.672004045999927,0],[27.869969343000037,-18.673133960999962,0],[27.868950362000078,-18.673240411999927,0],[27.868060582000055,-18.674317391999978,0],[27.866883198000039,-18.67517864499996,0],[27.863789587000042,-18.677221653999936,0],[27.862612788000035,-18.678085821999957,0],[27.859385252000038,-18.679165739999974,0],[27.857779521000055,-18.678843150999967,0],[27.856237083000053,-18.679004558999964,0],[27.855946333000077,-18.678788827999938,0],[27.853662221000036,-18.679273979999948,0],[27.851373139000032,-18.679759214999933,0],[27.850632807000068,-18.680083657999944,0],[27.845766131000062,-18.67904311999996,0],[27.845204943000056,-18.678938139999957,0],[27.844621763000077,-18.678662488999976,0],[27.844218218000037,-18.678364614999964,0],[27.843734287000075,-18.678162603999965,0],[27.842785820000074,-18.677928885999961,0],[27.840641184000049,-18.677749653999967,0],[27.839422120000052,-18.67763297099998,0],[27.838771215000065,-18.677622911999947,0],[27.838119368000037,-18.677612867999983,0],[27.837443889000042,-18.677430453999932,0],[27.836457150000058,-18.677021246999971,0],[27.835859117000041,-18.676740552999945,0],[27.835098628000026,-18.676654087999964,0],[27.834521488000064,-18.67654581599993,0],[27.833943279000039,-18.676437421999935,0],[27.833234912000023,-18.676079035999976,0],[27.83228203300007,-18.67601306399996,0],[27.831513202000053,-18.675925339999935,0],[27.830556878000039,-18.675859185999968,0],[27.830079387000069,-18.675826177999966,0],[27.829283842000052,-18.675563499999953,0],[27.828591174000053,-18.675376842999981,0],[27.828378771000075,-18.675223462999952,0],[27.827953466000054,-18.674916330999963,0],[27.827182348000065,-18.674202095999931,0],[27.826036369000064,-18.672900779999964,0],[27.825366496000072,-18.672258130999978,0],[27.825017954000032,-18.671847661999948,0],[27.824561008000046,-18.671358426999973,0],[27.824292882000066,-18.670847218999938,0],[27.823617343000024,-18.670198919999962,0],[27.82315711900003,-18.669706295999958,0],[27.822969353000076,-18.669092569999975,0],[27.822892267000043,-18.66855770899997,0],[27.822789282000031,-18.667843629999936,0],[27.822956708000049,-18.667007155999954,0],[27.822986073000038,-18.66654872099997,0],[27.823071412000047,-18.665810378999936,0],[27.822769781000034,-18.66510898699994,0],[27.822686618000034,-18.664566738999952,0],[27.822247571000048,-18.664244707999956,0],[27.821807740000054,-18.663922103999937,0],[27.820761491000042,-18.66347688299993,0],[27.820044164000024,-18.663273561999972,0],[27.819214314000078,-18.662988594999945,0],[27.818082215000061,-18.663290180999979,0],[27.817224689000057,-18.663471150999953,0],[27.815896034000048,-18.663794173999975,0],[27.814841691000026,-18.663996230999942,0],[27.814175288000058,-18.664158204999978,0],[27.813035719000027,-18.664462364999963,0],[27.811781089000078,-18.664685735999967,0],[27.811194003000026,-18.664746751999928,0],[27.810998166000047,-18.664767104999953,0],[27.81018283800006,-18.664665394999929,0],[27.809283746000062,-18.664665466999963,0],[27.808779218000041,-18.664625657999977,0],[27.807965014000047,-18.664525322999964,0],[27.806780985000046,-18.664647546999959,0],[27.805957219000049,-18.664545051999937,0],[27.805252331000077,-18.664525779999963,0],[27.804457685000045,-18.66460701099993,0],[27.803630643000076,-18.664504498999975,0],[27.803431446000047,-18.664524818999951,0],[27.799422572000026,-18.664817166999967,0],[27.799187858000039,-18.664923495999972,0],[27.799620834000052,-18.665107562999935,0],[27.801494839000043,-18.664258134999955,0],[27.801763783000069,-18.664461450999966,0],[27.800593848000062,-18.664991986999951,0],[27.800107576000073,-18.66504974999998,0],[27.799548628000025,-18.665194582999959,0],[27.798862763000045,-18.665668395999944,0],[27.798104362000061,-18.666229519999945,0],[27.79765278900004,-18.666597249999938,0],[27.797580570000036,-18.666684314999941,0],[27.797001403000024,-18.666675422999958,0],[27.79654757000003,-18.666337322999937,0],[27.796256313000072,-18.665979169999957,0],[27.796200529000032,-18.665513793999935,0],[27.796053609000069,-18.664979879999976,0],[27.79599765200004,-18.66451336199998,0],[27.795850393000023,-18.663978033999967,0],[27.795721667000066,-18.66359792399993,0],[27.795337299000039,-18.66316795399996,0],[27.795135430000073,-18.66287454899998,0],[27.795059887000036,-18.662248842999929,0],[27.795129858000053,-18.661446849999948,0],[27.795183735000023,-18.66120243499995,0],[27.795180902000027,-18.660487558999932,0],[27.795215848000055,-18.660085399999957,0],[27.795523684000045,-18.659173209999949,0],[27.795631870000079,-18.658681767999951,0],[27.795445689000076,-18.657822261999968,0],[27.795315895000044,-18.657435845999942,0],[27.794836388000078,-18.656926774999931,0],[27.794467315000077,-18.656645699999956,0],[27.793746852000027,-18.656241484999953,0],[27.793302962000041,-18.656048408999936,0],[27.793024667000054,-18.655836944999976,0],[27.792173501000036,-18.655768289999969,0],[27.791207497000073,-18.655469220999976,0],[27.790947201000051,-18.655416543999934,0],[27.790091675000042,-18.65534728199998,0],[27.788972880000074,-18.655225006999956,0],[27.787461234000034,-18.655387494999957,0],[27.786956203000045,-18.655441629999927,0],[27.786302926000076,-18.655674390999934,0],[27.78516340300007,-18.656122410999956,0],[27.783683686000074,-18.656608136999978,0],[27.782931994000023,-18.656771244999959,0],[27.781691579000039,-18.657150721999926,0],[27.780767206000064,-18.657332971999949,0],[27.780596967000065,-18.657351515999949,0],[27.779574336000053,-18.657462912999961,0],[27.778988090000041,-18.657608521999975,0],[27.778207660000078,-18.657611774999964,0],[27.77803657000004,-18.657630408999978,0],[27.77703170500007,-18.657903657999952,0],[27.776443029000063,-18.658049862999974,0],[27.775928342000043,-18.658106225999973,0],[27.775190425000062,-18.658433085999945,0],[27.774057052000046,-18.659049683999967,0],[27.773564191000048,-18.659268021999935,0],[27.772527693000029,-18.659381591999932,0],[27.772131169000033,-18.659671289999949,0],[27.771809034000057,-18.659870817999945,0],[27.770768978000035,-18.659985091999943,0],[27.770694393000042,-18.660075445999951,0],[27.770102405000046,-18.660223851999945,0],[27.769210426000029,-18.660733841999956,0],[27.768961927000078,-18.660843501999977,0],[27.768340013000056,-18.66140534699997,0],[27.767518945000063,-18.661825310999973,0],[27.767120586000033,-18.662116174999937,0],[27.76654766300004,-18.662426670999935,0],[27.765374267000027,-18.662311410999962,0],[27.76412261300004,-18.662286567999956,0],[27.762968280000052,-18.662332912999943,0],[27.762037546000045,-18.66210657299996,0],[27.761585168000067,-18.662074491999931,0],[27.761334459000068,-18.662185206999936,0],[27.760529251000037,-18.662192506999929,0],[27.759471327000028,-18.662310741999931,0],[27.758738195000035,-18.662226853999982,0],[27.758180846000073,-18.662123103999932,0],[27.75881832400006,-18.662715146999972,0],[27.751183050000066,-18.662977915999932,0],[27.750292591000061,-18.662739952999971,0],[27.749760869000056,-18.662630337999929,0],[27.749056716000041,-18.662539702999936,0],[27.74835149200004,-18.662448923999932,0],[27.748256694000077,-18.662374821999947,0],[27.746765263000043,-18.662286066999968,0],[27.746211550000055,-18.662008009999965,0],[27.745674948000044,-18.661897438999972,0],[27.745310850000067,-18.661767663999967,0],[27.744504034000045,-18.661601364999967,0],[27.743791711000028,-18.661509389999935,0],[27.743174415000055,-18.661491945999956,0],[27.742808195000066,-18.661361624999927,0],[27.740732111000057,-18.662527910999927,0],[27.739896563000059,-18.662961460999952,0],[27.738573234000057,-18.663790855999935,0],[27.737969283000041,-18.663943747999951,0],[27.737111024000058,-18.66421065399993,0],[27.736584057000073,-18.664269670999943,0],[27.735959028000025,-18.664254159999928,0],[27.735157161000075,-18.66425832699997,0],[27.733962331000043,-18.664734559999943,0],[27.732765908000033,-18.66521142199997,0],[27.732373899000038,-18.665683736999938,0],[27.73233545100004,-18.666116036999938,0],[27.732120340000051,-18.66656809899996,0],[27.731612024000071,-18.667566090999969,0],[27.731083932000047,-18.668394975999945,0],[27.730222654000045,-18.669432530999927,0],[27.729970468000033,-18.670313957999952,0],[27.729735718000029,-18.670596725999928,0],[27.729640317000076,-18.671288699999934,0],[27.729504277000046,-18.671644787999981,0],[27.729154200000039,-18.672450795999964,0],[27.729273156000033,-18.67269151499994,0],[27.729941882000048,-18.673036682999964,0],[27.731019634000063,-18.673078604999944,0],[27.731821560000071,-18.673068257999944,0],[27.732388639000078,-18.673339331999955,0],[27.732877027000029,-18.673703730999932,0],[27.733286904000067,-18.674161247999962,0],[27.733521063000069,-18.674639081999942,0],[27.733599524000056,-18.675303396999936,0],[27.733250310000074,-18.676102704999948,0],[27.733056643000054,-18.676714551999964,0],[27.732998770000052,-18.67697372799995,0],[27.732670173000031,-18.677937821999933,0],[27.732554650000054,-18.678455534999955,0],[27.732477104000054,-18.678548964999948,0],[27.732226458000071,-18.679418355999928,0],[27.732130770000026,-18.680099798999947,0],[27.732190133000074,-18.680594196999948,0],[27.732386144000031,-18.681488598999977,0],[27.732308717000024,-18.68158167699994,0],[27.731435172000033,-18.681690327999945,0],[27.73005243800003,-18.68127699799993,0],[27.729779441000062,-18.68122716299996,0],[27.72874336700005,-18.680771676999939,0],[27.728175051000051,-18.680508170999929,0],[27.727605736000044,-18.680244192999965,0],[27.72676025100003,-18.679930226999943,0],[27.725913185000024,-18.679613808999932,0],[27.725064749000069,-18.679295755999931,0],[27.723504640000044,-18.679064252999979,0],[27.721604692000028,-18.679042813999956,0],[27.720948539000062,-18.678868374999979,0],[27.72039154600003,-18.678766492999955,0],[27.719476235000059,-18.678708136999944,0],[27.718179147000058,-18.678525608999962,0],[27.717540284000052,-18.67851810999997,0],[27.716519199000061,-18.678386276999959,0],[27.715957395000032,-18.678283685999929,0],[27.715394970000034,-18.678180977999943,0],[27.714448790000063,-18.67795339099996,0],[27.71390696800006,-18.678018867999981,0],[27.713206164000042,-18.678274844999976,0],[27.711938668000073,-18.678428183999927,0],[27.711757374000058,-18.678450115999965,0],[27.710747980000065,-18.678486410999938,0],[27.709634422000079,-18.678449222999973,0],[27.708130814000071,-18.678286641999932,0],[27.707354139000074,-18.67803575399995,0],[27.706209210000054,-18.677828589999933,0],[27.705842548000078,-18.677872605999937,0],[27.704741175000038,-18.678004813999962,0],[27.703982174000032,-18.677923072999931,0],[27.70356675000005,-18.677626953999948,0],[27.703150878000031,-18.677330515999927,0],[27.702814917000069,-18.676937574999954,0],[27.702424963000055,-18.676204220999978,0],[27.702032287000065,-18.675469762999967,0],[27.701638789000071,-18.674733769999932,0],[27.701535214000046,-18.674049542999967,0],[27.701298137000038,-18.673728543999971,0],[27.70103479200003,-18.673235714999976,0],[27.700533160000077,-18.672419901999945,0],[27.700082855000062,-18.671946489999982,0],[27.699765252000077,-18.671106232999932,0],[27.699366972000064,-18.670361120999928,0],[27.699127504000046,-18.67003647599995,0],[27.698914742000056,-18.669268102999979,0],[27.698861584000042,-18.668921504999958,0],[27.698487916000033,-18.668345616999943,0],[27.698060124000051,-18.668039866999948,0],[27.697283685000059,-18.667949257999965,0],[27.696534073000066,-18.668651749999981,0],[27.695891886000027,-18.669430615999943,0],[27.695570853000049,-18.669819962999952,0],[27.69511671600003,-18.670577299999934,0],[27.694743025000037,-18.671236953999937,0],[27.694369532000053,-18.671896254999979,0],[27.694129040000064,-18.672187892999943,0],[27.693863492000048,-18.672922357999937,0],[27.693813395000063,-18.673807064999949,0],[27.693733338000072,-18.673904126999957,0],[27.692957591000038,-18.674432851999939,0],[27.691993511000078,-18.674983636999968,0],[27.691805462000048,-18.675005474999978,0],[27.690812358000073,-18.675384376999943,0],[27.689954841000031,-18.676011261999975,0],[27.689577737000036,-18.67605528799993,0],[27.688799660000029,-18.676585414999977,0],[27.688341859000047,-18.676726867999946,0],[27.68761065700005,-18.676988389999963,0],[27.687257455000065,-18.677205691999973,0],[27.686013065000054,-18.677879592999943,0],[27.685664458000076,-18.67809641499997,0],[27.684582154000054,-18.678575939999973,0],[27.684202170000049,-18.678620886999965,0],[27.683279221000078,-18.678906107999978,0],[27.682545676000075,-18.67916908199993,0],[27.681783160000066,-18.679259485999978,0],[27.68071892200004,-18.679297469999938,0],[27.679595390000031,-18.678989116999958,0],[27.678166711000074,-18.678627125999981,0],[27.676955316000033,-18.678415289999975,0],[27.676126531000023,-18.678157766999959,0],[27.675711568000054,-18.67802882999996,0],[27.675073653000027,-18.677748058999953,0],[27.674657694000075,-18.67761877199996,0],[27.67424135400006,-18.677489360999971,0],[27.673601230000031,-18.677207692999957,0],[27.672878106000041,-18.677024245999974,0],[27.672316901000045,-18.676643165999963,0],[27.67189700800003,-18.67651306099998,0],[27.671137218000069,-18.676153685999964,0],[27.670716135000077,-18.676023154999939,0],[27.669759138000074,-18.675685088999955,0],[27.668409196000027,-18.67539087199998,0],[27.666630359000067,-18.67496413899994,0],[27.666008692000048,-18.674854646999961,0],[27.665419502000077,-18.674921551999944,0],[27.665351027000042,-18.675113247999946,0]]]},"properties":{"OID":1,"Name":"Untitled Polygon","FolderPath":"FORESTED2020.kml/FORESTED","SymbolID":0,"AltMode":0,"Base":0,"Clamped":-1,"Extruded":0,"Snippet":"","PopupInfo":"","Shape_Length":0.82620375686163317,"Shape_Area":0.014451209031943291}},{"type":"Feature","id":2,"geometry":{"type":"Polygon","coordinates":[[[27.618116739000072,-18.603558261999979,0],[27.639046971000027,-18.611544573999936,0],[27.652885359000038,-18.607821713999954,0],[27.657291920000034,-18.619307356999968,0],[27.673998575000041,-18.632473915999981,0],[27.677049311000076,-18.628817651999952,0],[27.686166717000049,-18.625641285999961,0],[27.697542889000033,-18.633200014999943,0],[27.698351777000028,-18.624542671999961,0],[27.701784954000061,-18.612680653999973,0],[27.715854554000032,-18.604437333999954,0],[27.730000782000047,-18.597025612999971,0],[27.752899012000057,-18.605671245999929,0],[27.747283008000068,-18.618089715999929,0],[27.752808630000061,-18.630280242999959,0],[27.762479449000068,-18.618621477999966,0],[27.773335693000035,-18.628883215999963,0],[27.786406619000047,-18.619640476999962,0],[27.814281244000028,-18.620111865999945,0],[27.839729928000054,-18.621232242999952,0],[27.893051719000027,-18.614045870999973,0],[27.876536147000024,-18.637564081999926,0],[27.910330432000023,-18.636157539999942,0],[27.936018470000079,-18.622395487999938,0],[27.937792974000047,-18.620246228999974,0],[27.94666264500006,-18.612955534999969,0],[27.959466001000067,-18.622390242999927,0],[27.963962406000064,-18.616077335999933,0],[27.952968843000065,-18.597544852999931,0],[27.929147916000034,-18.59239402999998,0],[27.905069253000079,-18.584415742999965,0],[27.873006306000036,-18.585540246999926,0],[27.873830336000026,-18.591759162999949,0],[27.865060099000061,-18.592434471999979,0],[27.862709240000072,-18.584403416999976,0],[27.838523291000058,-18.577860567999949,0],[27.83246015900005,-18.583579962999977,0],[27.822099415000025,-18.589120987999934,0],[27.809402184000078,-18.582798001999947,0],[27.80886375700004,-18.568651122999938,0],[27.793556746000036,-18.563833522999971,0],[27.771276144000069,-18.572741889999975,0],[27.70304423400006,-18.583373329999972,0],[27.686259174000043,-18.584362581999983,0],[27.614852535000068,-18.595532901999945,0],[27.618116739000072,-18.603558261999979,0]]]},"properties":{"OID":2,"Name":"Untitled Polygon","FolderPath":"FORESTED2020.kml/FORESTED","SymbolID":0,"AltMode":0,"Base":0,"Clamped":-1,"Extruded":0,"Snippet":"","PopupInfo":"","Shape_Length":0.89320706415502527,"Shape_Area":0.012184679493677009}},{"type":"Feature","id":3,"geometry":{"type":"Polygon","coordinates":[[[27.943268747000047,-19.05652441999996,0],[27.980233067000029,-19.078202443999942,0],[28.020293004000052,-19.081505264999976,0],[28.032881169000063,-19.078522017999944,0],[28.050788703000023,-19.078377179999961,0],[28.058739238000044,-19.101678014999948,0],[28.10989829600004,-19.122199396999974,0],[28.114923608000026,-19.10343288699994,0],[28.136631464000061,-19.104389606999973,0],[28.137783289000026,-19.12457416899997,0],[28.206107673000076,-19.134161950999953,0],[28.222203527000033,-19.129596897999932,0],[28.288905007000039,-19.135649642999965,0],[28.43376332400004,-19.155989535999936,0],[28.431566193000037,-19.081597245999944,0],[28.425283643000057,-19.083365309999976,0],[28.267880153000078,-19.071720204999963,0],[28.218059529000072,-19.063438691999977,0],[28.215540608000026,-19.063234227999942,0],[28.155433013000049,-19.043421517999946,0],[28.149798210000029,-19.043513895999979,0],[28.093276474000049,-19.036945014999958,0],[28.090163304000043,-19.037260426999978,0],[28.046808583000029,-19.042146164999963,0],[28.043040420000068,-19.042024351999942,0],[27.982627113000035,-19.027213526999958,0],[27.958312071000023,-19.017679527999974,0],[27.923730835000072,-19.021479149999948,0],[27.869517214000041,-19.005510953999931,0],[27.863731521000034,-19.002330529999938,0],[27.943268747000047,-19.05652441999996,0]]]},"properties":{"OID":3,"Name":"Untitled Polygon","FolderPath":"FORESTED2020.kml/FORESTED","SymbolID":0,"AltMode":0,"Base":0,"Clamped":-1,"Extruded":0,"Snippet":"","PopupInfo":"","Shape_Length":1.3046318693737229,"Shape_Area":0.032470321500652974}},{"type":"Feature","id":4,"geometry":{"type":"Polygon","coordinates":[[[27.742059294000057,-19.013892951999935,0],[27.746735891000071,-19.011538907999977,0],[27.747684045000028,-19.007762571999933,0],[27.746055886000079,-19.006149852999954,0],[27.748194819000048,-19.000597384999935,0],[27.750415978000035,-18.997090992999972,0],[27.75150549500006,-18.994493786999953,0],[27.750727597000036,-18.990634169999964,0],[27.75236884800006,-18.986413416999937,0],[27.755316149000066,-18.983186062999948,0],[27.756562003000056,-18.980892215999972,0],[27.757432679000033,-18.973390679999966,0],[27.756885422000039,-18.969425358999956,0],[27.755247858000075,-18.96219550099994,0],[27.750905931000034,-18.957037635999939,0],[27.747333725000033,-18.955750404999947,0],[27.743732698000031,-18.952115443999958,0],[27.742279712000027,-18.945911200999944,0],[27.745561068000029,-18.947218687999964,0],[27.745847510000033,-18.946677148999981,0],[27.74627877000006,-18.944864364999944,0],[27.746204338000041,-18.941789029999939,0],[27.746015870000065,-18.940316373999963,0],[27.742901940000024,-18.93907515099994,0],[27.744254900000044,-18.93012536699996,0],[27.744077920000052,-18.928858728999955,0],[27.745659934000059,-18.929665700999976,0],[27.747146413000053,-18.929921720999971,0],[27.749241743000027,-18.929802914999982,0],[27.752577865000035,-18.931388148999929,0],[27.754504023000038,-18.934290111999928,0],[27.755165780000027,-18.936080086999937,0],[27.754448055000069,-18.936280048999947,0],[27.753126277000035,-18.935829853999962,0],[27.751107506000039,-18.933201676999943,0],[27.750085113000068,-18.933098204999965,0],[27.749261787000023,-18.934315717999937,0],[27.748854540000025,-18.935449841999969,0],[27.749810381000032,-18.936601143999951,0],[27.751549486000044,-18.936951041999976,0],[27.752288198000031,-18.936722690999943,0],[27.754494317000024,-18.93769999999995,0],[27.755234092000023,-18.937880372999928,0],[27.754615540000032,-18.939395171999934,0],[27.754700128000025,-18.939602101999981,0],[27.75498639500006,-18.939828284999976,0],[27.755044840000039,-18.939841294999951,0],[27.755562464000036,-18.939850407999927,0],[27.756000667000023,-18.939990206999937,0],[27.756074270000056,-18.940189226999962,0],[27.755747877000033,-18.940549115999943,0],[27.755570645000034,-18.941230452999946,0],[27.75648818600007,-18.941551903999937,0],[27.756345209000074,-18.941886188999945,0],[27.757381990000056,-18.942305465999937,0],[27.757579878000058,-18.942105457999958,0],[27.758154173000037,-18.941831223999941,0],[27.758514941000044,-18.942130898999949,0],[27.758687774000066,-18.942249223999966,0],[27.758933769000066,-18.941893027999981,0],[27.759828553000034,-18.942436721999968,0],[27.75984750300006,-18.944587609999928,0],[27.759257102000049,-18.944507292999958,0],[27.768814515000031,-18.95898320699996,0],[27.947568944000068,-19.099985984999932,0],[27.742513317000032,-19.013897594999946,0],[27.742887619000044,-19.01334514399997,0],[27.743934272000047,-19.011123427999962,0],[27.745756761000052,-19.007801666999967,0],[27.746444337000071,-19.006129959999953,0],[27.746979531000079,-19.003312306999931,0],[27.747664536000059,-19.001601909999977,0],[27.749328933000072,-18.99695331199996,0],[27.750005233000024,-18.99517110499994,0],[27.751521051000054,-18.992762573999983,0],[27.752057053000044,-18.989789953999946,0],[27.75275117800004,-18.987990743999944,0],[27.753371543000071,-18.98558415499997,0],[27.754074153000033,-18.983772741999928,0],[27.755124584000043,-18.98081644399997,0],[27.75585387600006,-18.979037338999944,0],[27.756916777000072,-18.976051901999938,0],[27.75860939100005,-18.974281105999978,0],[27.760290661000056,-18.972451011999965,0],[27.761500491000049,-18.970603374999939,0],[27.763670371000046,-18.968756030999941,0],[27.765370890000042,-18.966896781999935,0],[27.765779738000049,-18.966273909999927,0],[27.765510387000063,-18.968148027999973,0],[27.764499468000054,-18.971868118999964,0],[27.763759881000055,-18.973714220999966,0],[27.76196025400003,-18.978600179999944,0],[27.760622709000074,-18.983356330999982,0],[27.75875882400004,-18.991105933999961,0],[27.757338834000052,-18.994629180999937,0],[27.755930555000077,-18.998123173999943,0],[27.755306067000049,-19.000441869999975,0],[27.754680090000079,-19.002734926999949,0],[27.753289609000035,-19.006145500999935,0],[27.752596658000073,-19.007836911999959,0],[27.750763988000074,-19.01119392499993,0],[27.750383698000064,-19.011749065999936,0],[27.750228589000073,-19.013976249999928,0],[27.750823388000072,-19.018404170999929,0],[27.75104480300007,-19.020052456999963,0],[27.752307625000071,-19.022789371999977,0],[27.753186405000065,-19.026044183999943,0],[27.753845762000026,-19.027662921999934,0],[27.757884744000023,-19.031426475999979,0],[27.760365332000049,-19.033562132999975,0],[27.763774156000068,-19.036209008999947,0],[27.766335971000046,-19.039334588999964,0],[27.767896154000027,-19.041426820999959,0],[27.769505718000062,-19.044019646999971,0],[27.771644456000047,-19.04759551199993,0],[27.772789179000029,-19.05012745099998,0],[27.774843455000052,-19.053148439999973,0],[27.775487364000071,-19.055145894999953,0],[27.776609176000079,-19.057629712999983,0],[27.778355450000049,-19.062061379999932,0],[27.781190493000054,-19.060598547999973,0],[27.786587995000048,-19.063547157999949,0],[27.789272208000057,-19.065014779999956,0],[27.791437616000053,-19.065507791999948,0],[27.79279387400004,-19.066480268999953,0],[27.795536566000067,-19.068899246999933,0],[27.798268547000077,-19.071322858999963,0],[27.800066084000036,-19.07276597699996,0],[27.80013696900005,-19.073705930999949,0],[27.800324352000075,-19.076080547999936,0],[27.802598523000029,-19.078455432999931,0],[27.805170991000068,-19.079408355999931,0],[27.809464864000063,-19.081303200999969,0],[27.813823974000059,-19.084581618999948,0],[27.816415335000045,-19.086440901999936,0],[27.817401210000071,-19.089202601999943,0],[27.817534291000072,-19.091486448999945,0],[27.816849328000046,-19.093753801999981,0],[27.816548462000071,-19.095557420999967,0],[27.81624951200007,-19.097354353999947,0],[27.813893026000073,-19.098684304999949,0],[27.811921436000034,-19.099569319999944,0],[27.809518204000028,-19.100006605999965,0],[27.807149588000073,-19.100887387999933,0],[27.806873746000065,-19.102656856999943,0],[27.807034436000038,-19.104858641999954,0],[27.808399971000028,-19.107052738999982,0],[27.808895515000074,-19.10836489199994,0],[27.81022082100003,-19.110110797999937,0],[27.811909951000075,-19.111418450999963,0],[27.815613902000052,-19.11316219899993,0],[27.818106125000043,-19.114887993999957,0],[27.819322000000057,-19.115316763999942,0],[27.820979298000054,-19.116593830999932,0],[27.823856273000047,-19.118695834999983,0],[27.824666639000043,-19.119115006999948,0],[27.827505294000048,-19.120787442999926,0],[27.831120598000041,-19.122469769999952,0],[27.835488281000039,-19.123730886999965,0],[27.837085258000059,-19.124565443999927,0],[27.839461143000051,-19.12540017699996,0],[27.840658691000044,-19.126228457999957,0],[27.843035057000066,-19.127468272999977,0],[27.845004373000052,-19.12829301499994,0],[27.846579980000058,-19.129115213999967,0],[27.847382634000041,-19.130342522999968,0],[27.848958168000024,-19.131565239999929,0],[27.852846060000047,-19.132380358999967,0],[27.855177406000053,-19.133192304999966,0],[27.85711430200007,-19.13359812799996,0],[27.86136734400003,-19.134408429999951,0],[27.863683073000061,-19.134810800999958,0],[27.864453519000051,-19.135213139999962,0],[27.867152997000062,-19.13521235099995,0],[27.869077238000045,-19.135613833999969,0],[27.871384434000049,-19.136014715999977,0],[27.872534157000075,-19.136415473999932,0],[27.875228583000023,-19.136414543999933,0],[27.87752103400004,-19.137214661999963,0],[27.879818000000057,-19.137613554999973,0],[27.880192317000024,-19.138012746999948,0],[27.883252534000064,-19.13841107899998,0],[27.886651586000028,-19.140006128999971,0],[27.888508683000055,-19.14158813399996,0],[27.891103914000041,-19.143557351999959,0],[27.892198561000043,-19.144731260999947,0],[27.898161177000077,-19.147087100999954,0],[27.901464356000076,-19.149029549999966,0],[27.903328954000074,-19.149422699999946,0],[27.905923506000079,-19.150198151999973,0],[27.907409709000035,-19.150577510999938,0],[27.909667562000038,-19.150587233999943,0],[27.911148130000072,-19.150973308999937,0],[27.913706716000036,-19.152113804999942,0],[27.916981408000026,-19.15362794899994,0],[27.919571770000061,-19.154019306999942,0],[27.922106443000075,-19.155150069999934,0],[27.924315203000049,-19.155536601999927,0],[27.930181598000047,-19.156687553999973,0],[27.932008486000029,-19.157069287999946,0],[27.935322400000075,-19.157453144999977,0],[27.936774026000023,-19.157830138999941,0],[27.939755042000058,-19.157828480999967,0],[27.942364458000043,-19.157825256999956,0],[27.94498143900006,-19.157811968999965,0],[27.947972628000059,-19.157796709999957,0],[27.952396320000048,-19.158169920999967,0],[27.953884320000043,-19.158170419999976,0],[27.958987169000068,-19.158926604999976,0],[27.961855256000035,-19.159676379999951,0],[27.964029568000058,-19.160049697999966,0],[27.96920556200007,-19.160383816999968,0],[27.972833361000028,-19.161095943999953,0],[27.975447063000047,-19.161076054999967,0],[27.977255761000038,-19.161433625999962,0],[27.980179174000057,-19.161785317999943,0],[27.98202371800005,-19.16178993799997,0],[27.984184652000067,-19.162157917999934,0],[27.98560640200003,-19.162523645999954,0],[27.987394951000056,-19.162889917999962,0],[27.989127544000041,-19.163616876999981,0],[27.990604576000067,-19.16361563199996,0],[27.997081715000036,-19.164688310999964,0],[27.998471511000048,-19.16506683199998,0],[27.999728988000072,-19.166172499999959,0],[28.001640646000055,-19.167643424999937,0],[28.003610825000067,-19.168747226999983,0],[28.005867164000051,-19.170210046999955,0],[28.006967158000066,-19.172014978999982,0],[28.01000362700006,-19.174894393999978,0],[28.012376661000076,-19.17738959199994,0],[28.013601427000026,-19.178449382999929,0],[28.016044136000062,-19.180557087999944,0],[28.01688421800003,-19.181615683999951,0],[28.019152018000057,-19.182671960999983,0],[28.021771372000046,-19.183723960999941,0],[28.022404277000078,-19.184073922999971,0],[28.027510230000075,-19.185120230999928,0],[28.029663937000066,-19.186511816999939,0],[28.030375873000025,-19.186511461999942,0],[28.032518875000051,-19.187897026999963,0],[28.032786974000032,-19.188242651999929,0],[28.032793757000036,-19.189622180999947,0],[28.032187820000047,-19.192023148999965,0],[28.03161429000005,-19.194395002999954,0],[28.030219192000061,-19.194390766999959,0],[28.024138118000053,-19.193371436999939,0],[28.021739575000026,-19.193037467999943,0],[28.021192315000064,-19.192356722999932,0],[28.017250424000053,-19.190998813999954,0],[28.013830394000024,-19.190331368999978,0],[28.01153449800006,-19.189322663999974,0],[28.00833358400007,-19.189328101999934,0],[28.006555146000039,-19.189331099999947,0],[28.005488037000077,-19.189332893999961,0],[27.998017123000068,-19.189345272999958,0],[27.994814719000033,-19.189350462999982,0],[27.993959663000055,-19.190045563999945,0],[27.993174729000032,-19.190394780999952,0],[27.989254799000037,-19.190408027999979,0],[27.984978735000027,-19.190422429999956,0],[27.983131972000024,-19.190774011999963,0],[27.980766700000061,-19.190090703999942,0],[27.977912740000079,-19.190101497999933,0],[27.977198646000033,-19.190104625999936,0],[27.974480569000036,-19.189412263999941,0],[27.971620011000027,-19.189425452999956,0],[27.968819481000025,-19.189090061999934,0],[27.965414702000032,-19.188059517999932,0],[27.963313762000041,-19.187725788999956,0],[27.962595156000077,-19.187730552999938,0],[27.960183996000069,-19.18705113599998,0],[27.955348138000033,-19.185688380999977,0],[27.953956191000032,-19.185348077999947,0],[27.950979845000063,-19.186066783999934,0],[27.949226938000038,-19.185729264999964,0],[27.943529115000047,-19.185401064999951,0],[27.939621668000029,-19.185065733999977,0],[27.937546772000076,-19.184372605999954,0],[27.934709476000023,-19.184032148999961,0],[27.931832467000049,-19.184042788999932,0],[27.930034427000066,-19.18404940299996,0],[27.928560846000039,-19.184405693999963,0],[27.924742512000023,-19.183010959999933,0],[27.923367452000036,-19.182310113999961,0],[27.922351327000058,-19.181605141999967,0],[27.920313429000032,-19.180189427999949,0],[27.919260134000069,-19.179836031999969,0],[27.917904491000058,-19.178768534999961,0],[27.915789585000027,-19.178058275999945,0],[27.915122093000036,-19.177342428999964,0],[27.912327631000039,-19.175910077999959,0],[27.909859422000068,-19.174832659999936,0],[27.907413650000024,-19.173376892999954,0],[27.907124163000049,-19.172281658999964,0],[27.906517429000075,-19.170447947999946,0],[27.906249822000063,-19.168973702999949,0],[27.905245175000061,-19.16749230299996,0],[27.904603612000074,-19.166006863999939,0],[27.90321661400003,-19.164522098999953,0],[27.901822580000044,-19.163033024999947,0],[27.900401544000033,-19.16191284699994,0],[27.899347975000069,-19.160788056999934,0],[27.896090038000068,-19.158915217999947,0],[27.894292731000064,-19.157410199999958,0],[27.890626964000035,-19.15553259099994,0],[27.888402561000078,-19.154789704999928,0],[27.886173916000075,-19.154045392999933,0],[27.884681673000046,-19.153676219999966,0],[27.883929058000035,-19.153683319999971,0],[27.88017327600005,-19.153682974999981,0],[27.877544612000065,-19.153677646999938,0],[27.874908418000075,-19.154055567999933,0],[27.873394214000029,-19.15481786099997,0],[27.872263405000069,-19.155197674999954,0],[27.869252116000041,-19.156335474999935,0],[27.867754694000041,-19.156333006999944,0],[27.864749372000063,-19.158624948999943,0],[27.860379984000076,-19.161887132999937,0],[27.857422885000062,-19.160994464999931,0],[27.854285362000041,-19.160786834999953,0],[27.85411547700005,-19.16055778599997,0],[27.851118792000079,-19.159866930999954,0],[27.85026973600003,-19.159635287999947,0],[27.850098986000035,-19.159403719999943,0],[27.848961354000039,-19.159406911999952,0],[27.847156850000033,-19.15940123799993,0],[27.844489940000074,-19.159169243999941,0],[27.842724317000034,-19.158939369999928,0],[27.841688279000039,-19.158477059999939,0],[27.840699305000044,-19.157781263999937,0],[27.839283803000058,-19.158014962999971,0],[27.838597222000033,-19.158018308999942,0],[27.836679950000075,-19.157329751999953,0],[27.833661655000071,-19.155231414999946,0],[27.832145057000048,-19.153577044999963,0],[27.830384802000026,-19.151910446999977,0],[27.830011851000052,-19.151431341999967,0],[27.828566472000034,-19.150472158999946,0],[27.827771903000041,-19.149746123999932,0],[27.826786852000055,-19.148772917999963,0],[27.825221943000031,-19.147064205999982,0],[27.823522030000049,-19.14607910899997,0],[27.82153584100007,-19.146809065999946,0],[27.819087700000068,-19.14753871399995,0],[27.818351004000078,-19.147781563999956,0],[27.817652851000048,-19.147780137999973,0],[27.816916604000028,-19.148023578999982,0],[27.815103991000058,-19.149239535999982,0],[27.812872495000079,-19.150208064999958,0],[27.811876285000039,-19.150690707999956,0],[27.809688662000042,-19.151417719999927,0],[27.808040393000056,-19.151655050999977,0],[27.806949810000049,-19.151172460999931,0],[27.806382193000047,-19.150206396999977,0],[27.805730403000041,-19.148024966999969,0],[27.804865100000029,-19.145579390999956,0],[27.803312156000061,-19.142857323999976,0],[27.803194012000063,-19.14185880499997,0],[27.802185407000024,-19.14035279899997,0],[27.801169863000041,-19.13883638599998,0],[27.800596182000049,-19.137565611999946,0],[27.799990808000075,-19.136544651999941,0],[27.799622518000035,-19.135518916999956,0],[27.799012158000039,-19.134488533999956,0],[27.79906820900004,-19.133968951999975,0],[27.798483900000065,-19.13266654399996,0],[27.797196219000057,-19.131095036999966,0],[27.794097555000064,-19.130568898999968,0],[27.790946851000058,-19.130564764999974,0],[27.787307547000069,-19.130568892999975,0],[27.785831816000041,-19.130833433999953,0],[27.785045640000078,-19.131621192999944,0],[27.784205040000074,-19.133187833999955,0],[27.783407042000078,-19.134227025999962,0],[27.782612742000026,-19.135261388999936,0],[27.781325698000046,-19.13654816199994,0],[27.780268266000064,-19.138081596999939,0],[27.779248684000038,-19.139102440999977,0],[27.777020937000032,-19.140611462999971,0],[27.774138096000058,-19.141358374999982,0],[27.771758797000075,-19.141609815999971,0],[27.770762385000069,-19.137314112999945,0],[27.770689195000045,-19.133454163999943,0],[27.770340103000024,-19.130309776999979,0],[27.769985443000053,-19.127124114999958,0],[27.769143624000037,-19.123623402999954,0],[27.768764488000045,-19.120618486999945,0],[27.76644744400005,-19.115614799999946,0],[27.765002130000028,-19.113633813999968,0],[27.763046013000064,-19.111349124999947,0],[27.761312990000079,-19.109613842999977,0],[27.760059798000043,-19.108744086999934,0],[27.757283680000057,-19.107004041999971,0],[27.755507023000064,-19.105832642999928,0],[27.753976329000068,-19.104950842999926,0],[27.752182680000033,-19.104361585999982,0],[27.749099276000038,-19.103768996999975,0],[27.744725392000078,-19.103472126999975,0],[27.742147843000055,-19.103178775999936,0],[27.741884620000064,-19.102882198999964,0],[27.739817436000067,-19.102586214999974,0],[27.737980619000041,-19.101396044999944,0],[27.734808469000029,-19.099294020999935,0],[27.732911728000033,-19.097176693999927,0],[27.731820091000031,-19.095955145999937,0],[27.730157430000077,-19.093794558999946,0],[27.728742250000039,-19.091610050999975,0],[27.725943733000065,-19.088474050999935,0],[27.722539556000072,-19.084666999999968,0],[27.721144837000054,-19.08370842599993,0],[27.719906587000025,-19.085307761999957,0],[27.719208802000026,-19.086898490999943,0],[27.718536417000053,-19.088793824999982,0],[27.717889821000028,-19.090984256999946,0],[27.716569549000042,-19.09469261199996,0],[27.71528898300005,-19.098638409999978,0],[27.713961300000051,-19.101634459999957,0],[27.712907520000044,-19.10459656699993,0],[27.711819744000024,-19.106945019999955,0],[27.711153650000028,-19.108113815999957,0],[27.709831355000063,-19.110433993999948,0],[27.708922080000036,-19.111585168999966,0],[27.708495629000026,-19.112445111999932,0],[27.707845486000053,-19.113586629999929,0],[27.707280046000051,-19.115572399999962,0],[27.706746394000049,-19.117819949999955,0],[27.706135763000077,-19.119213868999964,0],[27.705721488000052,-19.120046048999939,0],[27.705336680000073,-19.121151161999933,0],[27.706162579000079,-19.121977751999964,0],[27.707210321000048,-19.122538808999934,0],[27.70781936800006,-19.123655288999942,0],[27.708671423000055,-19.124767219999967,0],[27.70997870900004,-19.125589710999975,0],[27.711569221000047,-19.12693687899997,0],[27.713109253000027,-19.130332065999937,0],[27.714065367000046,-19.132222475999981,0],[27.715444981000076,-19.134571785999981,0],[27.716815299000075,-19.136905210999942,0],[27.718638678000048,-19.140133767999941,0],[27.719942666000065,-19.141961935999973,0],[27.720683404000056,-19.146032580999929,0],[27.720546324000054,-19.148717774999966,0],[27.719702084000062,-19.151821947999963,0],[27.71915692400006,-19.154022408999936,0],[27.718241247000037,-19.15620069199997,0],[27.717242709000061,-19.15748038199996,0],[27.716619714000046,-19.158761535999929,0],[27.715419870000062,-19.161732305999976,0],[27.71431136700005,-19.16551706599995,0],[27.714195540000048,-19.168038578999926,0],[27.714534684000057,-19.171392181999977,0],[27.714828668000052,-19.174299197999972,0],[27.715398489000052,-19.176362217999952,0],[27.715563415000076,-19.178001822999931,0],[27.717046964000076,-19.182071320999967,0],[27.71839347100007,-19.184886344999939,0],[27.719373288000043,-19.187675429999956,0],[27.719878863000076,-19.189258302999974,0],[27.72080915600003,-19.191619156999934,0],[27.720882705000065,-19.192401150999956,0],[27.721768874000077,-19.19435135599997,0],[27.72300262400006,-19.196297622999964,0],[27.724613136000073,-19.19861870799997,0],[27.725413999000068,-19.19977287599994,0],[27.726278598000079,-19.201683859999946,0],[27.727863665000029,-19.203965703999927,0],[27.728623232000075,-19.204732295999975,0],[27.729817593000064,-19.206617880999943,0],[27.732108415000027,-19.209569909999971,0],[27.732508661000054,-19.210308441999928,0],[27.734045232000028,-19.212515085999939,0],[27.736408532000041,-19.216879983999945,0],[27.737653855000076,-19.220112491999942,0],[27.737779634000049,-19.221892037999964,0],[27.738552371000026,-19.223315014999969,0],[27.738726627000062,-19.225785784999971,0],[27.738849795000078,-19.22753725299998,0],[27.739043152000079,-19.230313012999943,0],[27.739187292000054,-19.232379639999976,0],[27.739311186000066,-19.234102636999978,0],[27.739458869000032,-19.236157226999978,0],[27.739579685000024,-19.237854703999972,0],[27.739276064000023,-19.242860634999943,0],[27.739136759000075,-19.24549494799993,0],[27.73909898900007,-19.249423005999972,0],[27.738484259000074,-19.25396780799997,0],[27.737166365000064,-19.25747931199993,0],[27.735754544000031,-19.259678616999963,0],[27.734325327000079,-19.261546177999946,0],[27.733745141000043,-19.262164420999966,0],[27.732075344000066,-19.26464533799998,0],[27.729429313000026,-19.266494000999955,0],[27.728581146000067,-19.267415694999954,0],[27.727735719000066,-19.268334394999954,0],[27.726833598000042,-19.26864087499996,0],[27.726523154000063,-19.268641338999942,0],[27.728753793000067,-19.269247370999949,0],[27.731847365000078,-19.269931492999945,0],[27.697559487000035,-19.32817782799998,0],[27.696099228000037,-19.332255492999934,0],[27.695338381000056,-19.333991458999947,0],[27.69437246800004,-19.337995539999952,0],[27.693675890000065,-19.340243961999931,0],[27.692913246000046,-19.341920314999982,0],[27.692297675000077,-19.344717223999965,0],[27.69209855400004,-19.346948548999933,0],[27.691491197000062,-19.349719630999971,0],[27.691703235000034,-19.351377755999977,0],[27.692741666000074,-19.355772789999946,0],[27.694444576000024,-19.35796021699997,0],[27.696341837000034,-19.361759638999956,0],[27.698091116000057,-19.364455512999939,0],[27.69888923600007,-19.367128792999949,0],[27.700151092000056,-19.36978830399994,0],[27.700874443000032,-19.371902342999931,0],[27.702931126000067,-19.373489781999979,0],[27.704109944000038,-19.375588108999978,0],[27.705456930000025,-19.37921668499996,0],[27.705633452000029,-19.380759265999927,0],[27.705410476000054,-19.382812730999945,0],[27.705767439000056,-19.385877439999945,0],[27.706462486000078,-19.387910243999954,0],[27.708011266000028,-19.389432794999948,0],[27.711782873000061,-19.390456216999951,0],[27.713665048000053,-19.390966957999979,0],[27.715544782000052,-19.391476968999939,0],[27.718842258000052,-19.392494681999949,0],[27.721172540000055,-19.393009268999947,0],[27.723090146000061,-19.39401382799997,0],[27.726004277000072,-19.396012790999976,0],[27.72754715800005,-19.397997956999973,0],[27.729578104000041,-19.40046638299998,0],[27.732085185000074,-19.40339894899995,0],[27.733636949000072,-19.405822344999933,0],[27.734124692000023,-19.406303217999948,0],[27.734321475000058,-19.408696977999966,0],[27.734116039000071,-19.411561893999931,0],[27.73387156800004,-19.413933320999945,0],[27.733628482000029,-19.416291343999944,0],[27.733346232000031,-19.418166952999968,0],[27.733508050000069,-19.420040330999939,0],[27.732952304000037,-19.423759834999942,0],[27.732554428000071,-19.424221823999972,0],[27.732023992000052,-19.427942419999965,0],[27.731760662000056,-19.429789461999974,0],[27.731174690000046,-19.432960371999968,0],[27.731456553000044,-19.43610745999996,0],[27.731656651000037,-19.438340306999976,0],[27.731895219000023,-19.441003922999982,0],[27.732181069000035,-19.444107189999954,0],[27.732939589000068,-19.447642010999971,0],[27.733600273000036,-19.450253589999932,0],[27.734333787000025,-19.453708841999969,0],[27.735866504000057,-19.456712878999951,0],[27.737807100000055,-19.459694997999975,0],[27.738371412000049,-19.461387126999966,0],[27.739379902000053,-19.463481262999949,0],[27.739966462000041,-19.465562441999964,0],[27.740484725000044,-19.466809295999951,0],[27.741070344000036,-19.468880923999961,0],[27.742444915000078,-19.470529882999926,0],[27.747175414000026,-19.472997651999947,0],[27.75099945200003,-19.474640109999939,0],[27.752725059000056,-19.475859423999964,0],[27.756926799000041,-19.47747979899998,0],[27.761065057000053,-19.478289707999977,0],[27.764420545000064,-19.479902920999962,0],[27.767335868000032,-19.481110859999944,0],[27.770610283000053,-19.481511294999962,0],[27.772644736000075,-19.481512148999968,0],[27.775098907000029,-19.481905122999933,0],[27.777970579000055,-19.482693521999977,0],[27.778795567000031,-19.483088022999937,0],[27.781682327000055,-19.484662659999969,0],[27.783749218000025,-19.486232192999978,0],[27.785404518000064,-19.487796038999932,0],[27.786238867000066,-19.488965424999947,0],[27.787492090000057,-19.490917786999944,0],[27.78872287300004,-19.492087937999941,0],[27.790728414000057,-19.492084864999981,0],[27.793140429000061,-19.492126466999935,0],[27.79554259400004,-19.491749303999939,0],[27.797143645000062,-19.491367492999927,0],[27.799549140000067,-19.490989687999956,0],[27.801551327000027,-19.489821377999931,0],[27.802756357000078,-19.489429753999957,0],[27.805169868000064,-19.489036647999967,0],[27.806779498000026,-19.489035251999951,0],[27.808389095000052,-19.48903379099994,0],[27.809186766000039,-19.490204847999962,0],[27.811590137000053,-19.490981801999965,0],[27.812396843000045,-19.49059165999995,0],[27.81442493000003,-19.489028280999946,0],[27.816864611000028,-19.487458008999965,0],[27.818484670000032,-19.487063317999969,0],[27.820922155000062,-19.486273401999938,0],[27.825002992000066,-19.484689419999938,0],[27.829493294000031,-19.483495424999944,0],[27.835183347000054,-19.483091754999975,0],[27.841304118000039,-19.482289047999927,0],[27.844207698000048,-19.481089104999967,0],[27.84709805600005,-19.480285834999961,0],[27.850066134000031,-19.478275444999952,0],[27.851822535000053,-19.476255888999958,0],[27.854514246000065,-19.472594195999932,0],[27.857091883000066,-19.47095376599998,0],[27.85965116400007,-19.469718026999942,0],[27.861744470000076,-19.469303604999936,0],[27.864253835000056,-19.468886586999929,0],[27.865906450000068,-19.468883415999983,0],[27.86800607300006,-19.468466690999946,0],[27.86972918400005,-19.467636468999956,0],[27.871565351000072,-19.465555230999939,0],[27.874850451000043,-19.461359349999952,0],[27.880518557000073,-19.45454861199994,0],[27.882330253000077,-19.453256608999936,0],[27.88521946700007,-19.449786581999945,0],[27.889126033000025,-19.444967489999954,0],[27.891070671000023,-19.442760688999954,0],[27.893454824000059,-19.440540338999938,0],[27.895801377000055,-19.438753865999956,0],[27.897193661000074,-19.437857022999935,0],[27.898589085000026,-19.43695813599993,0],[27.900418745000025,-19.436056046999965,0],[27.902849528000047,-19.433797564999963,0],[27.90578406700007,-19.431071165999981,0],[27.910697110000058,-19.426891165999962,0],[27.917069135000077,-19.422160812999948,0],[27.920458668000038,-19.420213600999944,0],[27.923753626000064,-19.418786182999952,0],[27.926900148000072,-19.418321034999963,0],[27.930490105000047,-19.417855652999947,0],[27.936579832000064,-19.415513739999938,0],[27.938494751000064,-19.414572995999947,0],[27.942091058000074,-19.411684844999968,0],[27.943233332000034,-19.410231640999939,0],[27.944912632000069,-19.408284160999926,0],[27.946064994000039,-19.40681836899995,0],[27.948195343000066,-19.404866925999954,0],[27.950421255000037,-19.402417593999928,0],[27.95230566400005,-19.399451114999977,0],[27.95456785600004,-19.396957826999937,0],[27.957206063000058,-19.394948055999976,0],[27.961320446000059,-19.392417637999927,0],[27.962328970000044,-19.39190874999997,0],[27.967990733000079,-19.386296581999943,0],[27.97279902300005,-19.380618425999955,0],[27.975278116000027,-19.377492005999954,0],[27.976623443000051,-19.375404988999946,0],[27.978336814000045,-19.373828871999933,0],[27.980884526000068,-19.372766528999932,0],[27.982611122000037,-19.371180502999948,0],[27.985282322000046,-19.369582929999979,0],[27.990037442000073,-19.366896269999927,0],[27.993234577000067,-19.367637649999949,0],[27.998164987000052,-19.360788186999969,0],[27.998828693000064,-19.359261329999981,0],[28.000159334000045,-19.35619984799996,0],[28.003012811000076,-19.352352879999955,0],[28.004473442000062,-19.350808036999979,0],[28.00813560000006,-19.346934674999943,0],[28.015723985000079,-19.342249633999927,0],[28.01953224600004,-19.339898238999979,0],[28.024094022000043,-19.336756383999955,0],[28.025581987000066,-19.335181595999927,0],[28.02786717400005,-19.333595848999948,0],[28.030052347000037,-19.330424701999959,0],[28.036291064000068,-19.328011403999938,0],[28.037041638000062,-19.327212940999971,0],[28.040898944000048,-19.324804530999927,0],[28.044766521000042,-19.322389403999978,0],[28.045568293000031,-19.322384966999948,0],[28.048644480000064,-19.319967682999959,0],[28.052532816000053,-19.317539308999983,0],[28.056471794000061,-19.31590913399998,0],[28.059573455000077,-19.313473850999969,0],[28.061876662000032,-19.311036068999954,0],[28.065765468000052,-19.30777059299993,0],[28.068119596000031,-19.306130945999939,0],[28.07203022300007,-19.302847378999957,0],[28.074331432000065,-19.299561214999983,0],[28.076609485000063,-19.295440047999932,0],[28.078897884000071,-19.291299853999931,0],[28.082010035000053,-19.287117428999977,0],[28.08677337000006,-19.282893159999958,0],[28.091585169000041,-19.279489263999949,0],[28.095640702000026,-19.277766173999964,0],[28.100526507000041,-19.276031478999982,0],[28.102932932000044,-19.273471339999958,0],[28.106977421000067,-19.270037823999928,0],[28.108592956000052,-19.268325064999942,0],[28.111854236000056,-19.265801701999976,0],[28.115965258000074,-19.264114872999983,0],[28.119265638000059,-19.263268528999959,0],[28.123376647000043,-19.260728387999961,0],[28.126656064000031,-19.257265245999974,0],[28.129955645000052,-19.254593427999964,0],[28.133266485000036,-19.251982166999937,0],[28.136585998000044,-19.249388401999965,0],[28.140748470000062,-19.246803302999979,0],[28.144918473000075,-19.241655607999974,0],[28.146593777000078,-19.239029927999979,0],[28.146594821000065,-19.234654741999975,0],[28.147438836000049,-19.229372235999961,0],[28.148286535000068,-19.224946627999941,0],[28.150829385000065,-19.221379749999983,0],[28.155069035000054,-19.219573103999949,0],[28.161845442000072,-19.219531265999933,0],[28.16692766400007,-19.21949978899994,0],[28.171162544000026,-19.219474936999973,0],[28.184669578000069,-19.21933407399996,0],[28.185897297000054,-19.219023713999945,0],[28.187439352000069,-19.218107402999976,0],[28.188382399000034,-19.216283748999956,0],[28.189643553000053,-19.214142168999956,0],[28.190593560000025,-19.21260359799993,0],[28.191548060000059,-19.211057437999955,0],[28.192190597000035,-19.20981618899998,0],[28.193458184000065,-19.208565040999929,0],[28.195070130000033,-19.206056505999982,0],[28.195709605000047,-19.205424421999965,0],[28.196976494000069,-19.204785774999948,0],[28.198273148000055,-19.203192568999953,0],[28.199902446000067,-19.201262840999959,0],[28.200563136000028,-19.200294969999959,0],[28.201236513000026,-19.199001727999928,0],[28.200646261000031,-19.197714352999981,0],[28.199102010000047,-19.196430126999928,0],[28.197551625000074,-19.195140778999928,0],[28.196305207000023,-19.194171082999958,0],[28.194098781000037,-19.193206841999938,0],[28.192198791000067,-19.192566176999946,0],[28.188692762000073,-19.192275228999961,0],[28.185189064000042,-19.19132833599997,0],[28.182954676000065,-19.190694318999931,0],[28.179435370000078,-19.189743055999941,0],[28.176547971000048,-19.188781304999964,0],[28.174616019000041,-19.187805989999958,0],[28.169759700000043,-19.185195161999957,0],[28.169109792000029,-19.184867935999932,0],[28.165102739000076,-19.181757600999958,0],[28.163046824000048,-19.181773216999943,0],[28.160097317000066,-19.181272441999965,0],[28.157792074000042,-19.180241882999951,0],[28.14940897300005,-19.178741642999967,0],[28.145045843000048,-19.177706336999961,0],[28.140139525000052,-19.176683754999942,0],[28.138712309000027,-19.176167038999949,0],[28.136091838000027,-19.17621289899995,0],[28.132179970000038,-19.175196480999944,0],[28.128680764000023,-19.174691476999953,0],[28.125694322000072,-19.174182841999936,0],[28.122707383000034,-19.173671768999952,0],[28.12024533400006,-19.173148389999938,0],[28.117193305000058,-19.173129256999971,0],[28.113302507000071,-19.172064860999967,0],[28.111225317000049,-19.172083312999973,0],[28.109667180000031,-19.172097514999962,0],[28.106551436000075,-19.172125809999955,0],[28.105512781000073,-19.172135368999932,0],[28.101519526000061,-19.171141055999954,0],[28.099966922000078,-19.171150092999937,0],[28.096532093000064,-19.170108757999969,0],[28.095589458000063,-19.16958275099995,0],[28.091534534000061,-19.169074207999927,0],[28.089731569000037,-19.167485131999968,0],[28.086793822000061,-19.166432591999978,0],[28.085323128000027,-19.165905046999967,0],[28.083504653000034,-19.164305610999975,0],[28.080639746000031,-19.162704031999965,0],[28.07881138700003,-19.161090588999969,0],[28.074795576000042,-19.16003208199993,0],[28.072260796000023,-19.159505408999962,0],[28.070692468000061,-19.159512461999952,0],[28.067183493000073,-19.158450332999962,0],[28.064043918000039,-19.158464409999965,0],[28.061048399000072,-19.157397642999968,0],[28.057452105000039,-19.15687275199997,0],[28.054969802000073,-19.155800271999965,0],[28.050907063000068,-19.154732510999963,0],[28.048938556000053,-19.153653163999934,0],[28.047557590000054,-19.152023031999931,0],[28.046312598000043,-19.149274802999969,0],[28.045613943000035,-19.146475387999942,0],[28.044037357000036,-19.142001246999939,0],[28.043247610000037,-19.139743546999966,0],[28.043101740000054,-19.136834702999977,0],[28.043920368000045,-19.134533757999975,0],[28.044734987000027,-19.132234542999981,0],[28.046772672000031,-19.128761732999976,0],[28.04719411800005,-19.125284604999933,0],[28.046522861000028,-19.121805300999938,0],[28.043475029000035,-19.120058278999977,0],[28.039665095000032,-19.120085526999958,0],[28.037488211000039,-19.120101028999954,0],[28.036398789000032,-19.12011059699995,0],[28.03136680700004,-19.121338694999963,0],[28.02858388900006,-19.121954089999974,0],[28.02677790100006,-19.123716744999967,0],[28.024374688000023,-19.126066497999943,0],[28.021490561000064,-19.127847285999962,0],[28.018617207000034,-19.129621420999968,0],[28.015866350000067,-19.130225117999942,0],[28.013064572000076,-19.131409645999952,0],[28.010913162000065,-19.131425887999967,0],[28.006610884000054,-19.131458327999951,0],[28.00230945800007,-19.131490649999932,0],[27.994957836000026,-19.12921795099993,0],[27.947044735000077,-19.101148916999932,0],[27.944630463000067,-19.10116097599996,0],[27.942713886000035,-19.101748942999961,0],[27.942112246000079,-19.10175135999998,0],[27.940448693000064,-19.102625656999976,0],[27.939637854000068,-19.103780765999943,0],[27.936643185000037,-19.103792531999943,0],[27.936044309000067,-19.103794875999938,0],[27.934247829000071,-19.103801914999963,0],[27.932837484000061,-19.10323852199997,0],[27.930213865000042,-19.102685332999954,0],[27.929040847000067,-19.102413915999932,0],[27.927051531000075,-19.101311479999936,0],[27.926222000000053,-19.100746586999946,0],[27.925728100000072,-19.099893797999982,0],[27.923201605000031,-19.098466007999946,0],[27.921465374000036,-19.097893365999937,0],[27.923036613000079,-19.097318606999977,0],[27.925592850000044,-19.096159783999951,0],[27.925749219000068,-19.094991458999971,0],[27.925562773000024,-19.094113092999976,0],[27.925070252000069,-19.093233767999948,0],[27.92341957800005,-19.091775391999931,0],[27.922259552000071,-19.091199471999971,0],[27.92051895000003,-19.09033097799994,0],[27.920214910000027,-19.090330466999944,0],[27.91851998900006,-19.089146462999963,0],[27.91694246000003,-19.086769405999974,0],[27.916635287000076,-19.086770021999939,0],[27.915872838000041,-19.085274123999966,0],[27.915383033000069,-19.08407230499995,0],[27.915605905000064,-19.081953974999976,0],[27.916123044000074,-19.080109719999939,0],[27.915800097000044,-19.077336500999934,0],[27.91533264900005,-19.075795230999972,0],[27.91505107100005,-19.07548634099993,0],[27.913918056000057,-19.074252283999954,0],[27.910852580000039,-19.07334579299993,0],[27.908640436000042,-19.07336861999994,0],[27.907066113000042,-19.07337705599997,0],[27.904975015000048,-19.072129405999931,0],[27.903772856000046,-19.071497671999964,0],[27.902590881000037,-19.070553679999932,0],[27.901086618000079,-19.069611214999952,0],[27.900211875000025,-19.068662954999979,0],[27.899651935000065,-19.067710237999961,0],[27.898502549000057,-19.066116679999936,0],[27.895955886000024,-19.066128650999929,0],[27.89500178000003,-19.066131300999928,0],[27.892439901000046,-19.066453003999982,0],[27.891446084000052,-19.067094508999958,0],[27.889279850000037,-19.066143986999975,0],[27.888736583000025,-19.064543291999939,0],[27.888493122000057,-19.063252985999952,0],[27.888586770000074,-19.061633356999948,0],[27.888022063000051,-19.060327556999937,0],[27.887116083000024,-19.059343050999928,0],[27.885925606000058,-19.05768244799998,0],[27.882789957000057,-19.055729677999977,0],[27.880608681000069,-19.054045044999953,0],[27.878700418000051,-19.053061963999937,0],[27.877425090000031,-19.052405202999978,0],[27.876786491000075,-19.052076320999959,0],[27.875867623000033,-19.050417860999971,0],[27.875298395000073,-19.048342710999975,0],[27.874680802000057,-19.047316376999959,0],[27.874073661000068,-19.045939369999928,0],[27.873451485000032,-19.044904758999962,0],[27.871187880000036,-19.043529410999952,0],[27.869566692000035,-19.042490551999947,0],[27.868257932000063,-19.041825795999955,0],[27.867263061000074,-19.041847098999938,0],[27.864611849000028,-19.04190381799998,0],[27.863618287000065,-19.041925065999976,0],[27.862294064000025,-19.041953371999966,0],[27.860962482000048,-19.04266722999995,0],[27.858976483000049,-19.043356760999927,0],[27.857655670000042,-19.043700523999973,0],[27.856013789000031,-19.042660328999943,0],[27.853704876000052,-19.041959738999935,0],[27.852713424000058,-19.04126327299997,0],[27.853707902000053,-19.03986615499997,0],[27.855038221000029,-19.038778100999934,0],[27.855045549000067,-19.036967004999951,0],[27.855052768000064,-19.034824060999938,0],[27.854724660000045,-19.032668662999981,0],[27.85405774700007,-19.030158213999982,0],[27.853384697000024,-19.028377701999943,0],[27.851353536000033,-19.026634266999963,0],[27.850671241000043,-19.025190487999964,0],[27.84998777800007,-19.024110481999969,0],[27.849636731000032,-19.021912889999953,0],[27.849625262000075,-19.019689184999947,0],[27.84995852000003,-19.017808912999953,0],[27.850292421000063,-19.015560139999934,0],[27.850289381000039,-19.014810780999937,0],[27.851317761000075,-19.012522664999949,0],[27.85096496400007,-19.010259061999932,0],[27.850612535000039,-19.008745120999947,0],[27.849908274000029,-19.006846589999952,0],[27.849549861000071,-19.004920460999926,0],[27.848840860000053,-19.003377592999982,0],[27.847039601000063,-18.997879489999946,0],[27.838135129000079,-18.989221289999932,0],[27.837339821000057,-18.988987883999982,0],[27.836916200000076,-18.98898662199997,0],[27.836199501000067,-18.988868728999933,0],[27.835402661000046,-18.988631784999939,0],[27.834547411000074,-18.988635245999944,0],[27.833738845000028,-18.988406334999979,0],[27.833058725000058,-18.98805949399997,0],[27.831881787000043,-18.987481188999936,0],[27.831646351000074,-18.987013286999968,0],[27.830458967000027,-18.986428794999938,0],[27.829330963000075,-18.985985841999934,0],[27.828654038000025,-18.985418749999951,0],[27.828454945000033,-18.985302934999936,0],[27.827393086000029,-18.985088589999975,0],[27.826760068000056,-18.984972082999946,0],[27.826343036000026,-18.984855563999929,0],[27.825940981000031,-18.984623114999977,0],[27.825522854000042,-18.98450622699994,0],[27.824500282000031,-18.984034773999952,0],[27.82387665400006,-18.983800926999947,0],[27.823454714000036,-18.983684836999942,0],[27.82231450300003,-18.98320969599996,0],[27.821673804000056,-18.983089955999958,0],[27.821360731000027,-18.982969582999942,0],[27.820854464000035,-18.982613131999926,0],[27.820284441000069,-18.981882208999934,0],[27.819748639000068,-18.981760605999966,0],[27.819013853000058,-18.981405221999978,0],[27.818582964000029,-18.981290013999967,0],[27.818262956000069,-18.981172713999968,0],[27.817932049000035,-18.981172863999973,0],[27.817380460000038,-18.981173112999954,0],[27.816382910000073,-18.981184463999966,0],[27.816052280000065,-18.981184128999928,0],[27.815558468000063,-18.980571018999967,0],[27.815618941000025,-18.979948227999955,0],[27.815688386000033,-18.979204462999974,0],[27.815662582000073,-18.978319648999957,0],[27.815260118000026,-18.977819206999982,0],[27.81482257600004,-18.977694696999947,0],[27.814385859000026,-18.977566441999954,0],[27.814049246000025,-18.977566723999928,0],[27.813612902000045,-18.97743500699994,0],[27.812860564000061,-18.977045374999932,0],[27.812083309000059,-18.976916904999939,0],[27.811643840000045,-18.976785424999946,0],[27.810411258000045,-18.976665995999952,0],[27.809628859000043,-18.976545128999931,0],[27.808401484000058,-18.976298658999951,0],[27.807722262000027,-18.976307410999937,0],[27.80682450300003,-18.976186980999955,0],[27.805827044000068,-18.975799492999954,0],[27.805268495000064,-18.975664171999938,0],[27.804375272000073,-18.975395122999942,0],[27.803711406000048,-18.974995448999948,0],[27.802805779000039,-18.974874934999946,0],[27.801442245000032,-18.974775249999936,0],[27.800197570000023,-18.974516309999956,0],[27.79974492100007,-18.974386104999951,0],[27.799175643000069,-18.974386782999943,0],[27.798722094000027,-18.974256432999937,0],[27.797810716000072,-18.974257511999951,0],[27.797584062000055,-18.974126722999927,0],[27.796900120000032,-18.97412752799994,0],[27.796102618000077,-18.973874252999963,0],[27.795532070000036,-18.973750390999953,0],[27.795074738000039,-18.973483882999972,0],[27.794616760000054,-18.973347570999977,0],[27.794158207000066,-18.973209665999946,0],[27.79381475100007,-18.973207809999963,0],[27.793126293000057,-18.97307554799994,0],[27.792437148000033,-18.972945240999934,0],[27.791632567000079,-18.972815346999937,0],[27.790827051000065,-18.972685255999977,0],[27.790361561000054,-18.972418721999929,0],[27.789894895000032,-18.972151101999941,0],[27.789307498000028,-18.971744403999935,0],[27.788843119000035,-18.971617205999962,0],[27.788377656000023,-18.97148520099995,0],[27.787676063000049,-18.97122011099998,0],[27.786858174000031,-18.970961025999941,0],[27.786390857000072,-18.970832127999927,0],[27.785564001000068,-18.970436030999963,0],[27.785094990000061,-18.970306585999936,0],[27.784850233000043,-18.970036911999955,0],[27.784481878000065,-18.969631239999956,0],[27.784220822000066,-18.96908265299993,0],[27.783600442000079,-18.96839412199995,0],[27.783117258000061,-18.968118961999949,0],[27.781777881000039,-18.967288634999932,0],[27.781396547000043,-18.966860211999972,0],[27.780895952000037,-18.966432310999949,0],[27.780383619000077,-18.965860617999965,0],[27.778963646000079,-18.964284494999958,0],[27.768516601000044,-18.95863892999995,0],[27.768492538000032,-18.958607121999933,0],[27.76833926200004,-18.958447411999941,0],[27.768209336000041,-18.958318812999948,0],[27.768176025000059,-18.958189921999974,0],[27.768101882000053,-18.958092756999974,0],[27.768052823000062,-18.958027264999942,0],[27.767937439000036,-18.957829815999958,0],[27.767835335000029,-18.957565531999933,0],[27.767824927000049,-18.957466426999929,0],[27.767692761000035,-18.957167197999979,0],[27.767589918000056,-18.957031933999929,0],[27.767078493000042,-18.95644806599995,0],[27.766972290000069,-18.956308553999975,0],[27.766892226000039,-18.956203377999941,0],[27.766750763000061,-18.956062429999974,0],[27.766608460000043,-18.955920645999981,0],[27.766540994000025,-18.955742381999983,0],[27.766486104000023,-18.955670990999977,0],[27.766389988000071,-18.955455080999968,0],[27.766341357000044,-18.955346731999953,0],[27.766299401000026,-18.955201472999931,0],[27.766187229000025,-18.955055687999959,0],[27.765975867000066,-18.954872592999948,0],[27.765840074000039,-18.954650514999969,0],[27.765718713000069,-18.954538996999929,0],[27.765540785000042,-18.954348912999933,0],[27.765462768000077,-18.954193373999942,0],[27.765440966000028,-18.954115815999955,0],[27.765345908000029,-18.953842909999935,0],[27.765278827000031,-18.953606745999934,0],[27.765269612000054,-18.953448308999953,0],[27.765176985000039,-18.953131019999944,0],[27.765153554000051,-18.95305123299994,0],[27.765162177000036,-18.952770113999975,0],[27.765144501000066,-18.952649590999954,0],[27.765152010000065,-18.952366171999927,0],[27.765183815000057,-18.95216182799993,0],[27.765210310000043,-18.951995511999939,0],[27.765230638000048,-18.951869402999932,0],[27.765166823000072,-18.951571771999966,0],[27.765156509000064,-18.951400717999945,0],[27.765170179000052,-18.951314612999965,0],[27.764958131000071,-18.951228293999975,0],[27.764822217000074,-18.950880548999976,0],[27.764671156000077,-18.950617428999976,0],[27.764556795000033,-18.950617813999941,0],[27.764207669000029,-18.950663107999958,0],[27.764125659000058,-18.950707043999955,0],[27.763843733000044,-18.950835484999971,0],[27.763762188000044,-18.950879401999941,0],[27.763447460000066,-18.950969081999972,0],[27.763323223000043,-18.951056698999935,0],[27.76304456500003,-18.951184726999941,0],[27.762692352000045,-18.951311403999966,0],[27.76242067000004,-18.95139635299995,0],[27.762227890000077,-18.951442043999975,0],[27.762110735000078,-18.951486416999956,0],[27.761805820000063,-18.951533994999977,0],[27.761569484000063,-18.951663771999961,0],[27.761491058000047,-18.95170659799993,0],[27.761293831000046,-18.951834310999971,0],[27.760884677000035,-18.951835438999979,0],[27.760773277000055,-18.951834991999931,0],[27.760590716000024,-18.95179137699995,0],[27.76021951000007,-18.951787182999965,0],[27.760070890000065,-18.951785950999977,0],[27.759959410000079,-18.951785026999971,0],[27.759808479000071,-18.951825721999967,0],[27.759585628000025,-18.951823879999949,0],[27.759644136000077,-18.951401807999957,0],[27.742059294000057,-19.013892951999935,0]]]},"properties":{"OID":4,"Name":"Untitled Polygon","FolderPath":"FORESTED2020.kml/FORESTED","SymbolID":0,"AltMode":0,"Base":0,"Clamped":-1,"Extruded":0,"Snippet":"","PopupInfo":"","Shape_Length":3.1925823209873543,"Shape_Area":0.11765378138480798}},{"type":"Feature","id":5,"geometry":{"type":"Polygon","coordinates":[[[27.416041703000076,-18.650035008999964,0],[27.414653510000051,-18.655065882999963,0],[27.414686664000044,-18.659060538999938,0],[27.415739310000049,-18.664018621999958,0],[27.416576193000026,-18.667960471999947,0],[27.416013338000027,-18.672871681999936,0],[27.415176548000034,-18.676685186999975,0],[27.412730248000059,-18.680468367999936,0],[27.412712342000077,-18.68425149899997,0],[27.413086749000058,-18.689893146999964,0],[27.412267963000033,-18.693622116999961,0],[27.412641732000054,-18.699192447999962,0],[27.416407580000055,-18.701988652999944,0],[27.41898455300003,-18.702928207999946,0],[27.424547238000059,-18.70296768299994,0],[27.428093498000067,-18.704827858999977,0],[27.428828917000033,-18.708492328999967,0],[27.428771377000032,-18.712133207999955,0],[27.428531448000058,-18.714850625999929,0],[27.425331179000068,-18.718439581999974,0],[27.425267046000045,-18.722011256999963,0],[27.427522374000034,-18.725547285999937,0],[27.431601877000048,-18.726450511999928,0],[27.435228599000027,-18.729100208999967,0],[27.43945743300003,-18.730872469999952,0],[27.443059414000061,-18.733506142999943,0],[27.448201303000076,-18.736139569999978,0],[27.45084360900006,-18.737885258999938,0],[27.463843626000028,-18.741409338999972,0],[27.479943493000064,-18.745043579999958,0],[27.492740171000037,-18.747776730999931,0],[27.500598418000038,-18.748732880999967,0],[27.504584001000069,-18.749634230999959,0],[27.50854855700004,-18.750510041999974,0],[27.511085724000054,-18.752209863999951,0],[27.517396388000066,-18.754501781999977,0],[27.524549309000065,-18.756288878999953,0],[27.529266753000059,-18.757190913999978,0],[27.533977252000057,-18.758091577999949,0],[27.537152012000035,-18.75897681899994,0],[27.538680835000036,-18.75899074199998,0],[27.545668563000049,-18.759909174999962,0],[27.550356460000046,-18.760805335999976,0],[27.555023758000061,-18.761673678999955,0],[27.559670578000066,-18.762512861999937,0],[27.56368266100003,-18.764262530999929,0],[27.565199942000049,-18.76426722399998,0],[27.569270696000046,-18.766809906999981,0],[27.574076126000023,-18.769333994999954,0],[27.57744056000007,-18.772676359999934,0],[27.580025708000051,-18.775976397999955,0],[27.584850603000064,-18.779267159999961,0],[27.589581314000043,-18.781734939999978,0],[27.592725991000066,-18.783375235999927,0],[27.595182926000064,-18.785809160999975,0],[27.599123790000078,-18.788240762999976,0],[27.603046795000068,-18.790652742999953,0],[27.60850494500005,-18.793857025999955,0],[27.619294255000057,-18.799434652999935,0],[27.629289216000075,-18.805046287999971,0],[27.634569471000077,-18.806716211999969,0],[27.637625542000023,-18.80835888799993,0],[27.642910262000044,-18.810755517999951,0],[27.648978839000051,-18.814666580999926,0],[27.652787832000058,-18.817777080999974,0],[27.657378893000043,-18.82241395799997,0],[27.659662966000042,-18.824720695999929,0],[27.660422634000042,-18.825487865999946,0],[27.662858983000035,-18.831588254999929,0],[27.665156612000033,-18.83464941799997,0],[27.66969081600007,-18.839976277999938,0],[27.677756224000063,-18.84523403999998,0],[27.682865400000026,-18.848949883999978,0],[27.690062408000074,-18.851916500999948,0],[27.697951214000057,-18.855615952999926,0],[27.702228022000043,-18.857094548999953,0],[27.705778785000064,-18.857836812999949,0],[27.709325337000053,-18.858578139999963,0],[27.71144786800005,-18.858584496999981,0],[27.713556696000069,-18.856396565999944,0],[27.720644182000058,-18.858611692999943,0],[27.725595054000053,-18.858620781999946,0],[27.729838172000029,-18.858644586999958,0],[27.734080955000024,-18.85865470899995,0],[27.735487668000076,-18.859388376999959,0],[27.740424262000033,-18.860126924999975,0],[27.742531783000061,-18.860859537999943,0],[27.748164164000059,-18.861596754999937,0],[27.753789953000023,-18.862332967999976,0],[27.757295415000044,-18.863064948999977,0],[27.761501035000038,-18.863797072999944,0],[27.76431758800004,-18.863801215999956,0],[27.766429888000062,-18.863804253999945,0],[27.772710858000039,-18.865262445999974,0],[27.77690113500006,-18.865987870999959,0],[27.778979041000071,-18.866711056999975,0],[27.782426104000024,-18.868154813999979,0],[27.786602002000052,-18.868876025999953,0],[27.790773255000033,-18.869596318999982,0],[27.795680786000048,-18.869597222999971,0],[27.799186132000045,-18.869597770999974,0],[27.802691320000065,-18.869598476999954,0],[27.807036750000066,-18.867438604999961,0],[27.812852702000043,-18.86454757499996,0],[27.816526483000075,-18.862370742999929,0],[27.82151783300003,-18.861637259999952,0],[27.822984827000028,-18.860906772999954,0],[27.827221681000026,-18.860900244999982,0],[27.82945836500005,-18.859437811999953,0],[27.832407776000025,-18.857970915999942,0],[27.835883807000073,-18.858696901999963,0],[27.841477251000072,-18.859418560999927,0],[27.845651474000078,-18.860141669999962,0],[27.849045047000061,-18.861593542999969,0],[27.851020769000058,-18.863044941999931,0],[27.852141118000077,-18.865949177999937,0],[27.852699433000055,-18.867396419999977,0],[27.853111822000074,-18.870281186999932,0],[27.854774336000048,-18.87458440599994,0],[27.854410634000033,-18.878148564999947,0],[27.854121103000068,-18.880985748999933,0],[27.847867868000037,-18.880985317999944,0],[27.846478219000062,-18.880985203999956,0],[27.842871904000049,-18.882398793999982,0],[27.840595332000078,-18.884513676999973,0],[27.835620639000069,-18.885919324999975,0],[27.830597558000079,-18.888022189999958,0],[27.828408464000063,-18.889420414999961,0],[27.82467759900004,-18.892902957999979,0],[27.823989106000056,-18.892902844999981,0],[27.821073907000027,-18.894983111999977,0],[27.816897209000047,-18.895675671999982,0],[27.814050364000025,-18.897055499999965,0],[27.812532356000077,-18.899119381999981,0],[27.811521056000061,-18.903892829999961,0],[27.811244133000059,-18.907955526999956,0],[27.81160217300004,-18.912662084999965,0],[27.812096049000047,-18.915335752999965,0],[27.813940365000065,-18.917995744999928,0],[27.817606326000032,-18.92328385899998,0],[27.818803487000025,-18.925259209999979,0],[27.823503189000064,-18.925262970999938,0],[27.826188582000043,-18.925265035999928,0],[27.833629536000046,-18.924613245999979,0],[27.834972733000029,-18.92461425099998,0],[27.838508130000037,-18.922640713999954,0],[27.84199304200007,-18.921322490999955,0],[27.845550757000069,-18.919335002999958,0],[27.847703587000069,-18.918006430999981,0],[27.849381344000051,-18.914673067999956,0],[27.851880623000056,-18.90997723299995,0],[27.852830569000048,-18.90727852599997,0],[27.853784454000049,-18.904568586999972,0],[27.855970314000047,-18.903209291999929,0],[27.859528003000037,-18.901847079999982,0],[27.864314282000066,-18.901845891999926,0],[27.866898777000074,-18.903206922999971,0],[27.869477968000069,-18.904565005999928,0],[27.872209287000032,-18.904561669999964,0],[27.875543311000058,-18.905236597999931,0],[27.880320841000071,-18.905230565999943,0],[27.881685875000073,-18.905228835999935,0],[27.888424324000027,-18.905898478999973,0],[27.892428583000026,-18.906570841999951,0],[27.897110300000065,-18.907241504999945,0],[27.901787260000049,-18.907911382999941,0],[27.904416970000057,-18.908583358999977,0],[27.906458082000029,-18.908581841999933,0],[27.90752408000003,-18.905874991999951,0],[27.909375234000038,-18.902475288999938,0],[27.911238927000056,-18.899054928999931,0],[27.913499098000045,-18.89767789299998,0],[27.916557832000024,-18.895604179999964,0],[27.91883486100005,-18.894214707999936,0],[27.923074646000032,-18.893514480999954,0],[27.92491971000004,-18.894899688999942,0],[27.927448102000028,-18.896280886999932,0],[27.931126781000046,-18.899027272999945,0],[27.933870090000028,-18.899023284999942,0],[27.936382832000049,-18.896267845999944,0],[27.939724041000034,-18.892795018999948,0],[27.940890655000032,-18.890005250999934,0],[27.942759081000077,-18.887197974999935,0],[27.944515362000061,-18.885081241999956,0],[27.948364644000037,-18.882950964999964,0],[27.948802823000051,-18.876550820999967,0],[27.948482961000025,-18.874404525999978,0],[27.944201873000054,-18.870823062999932,0],[27.938976813000068,-18.864317717999938,0],[27.935689018000062,-18.862869907999936,0],[27.932744175000039,-18.863608763999935,0],[27.925683957000047,-18.863630903999933,0],[27.923566114000039,-18.863637491999953,0],[27.921673480000038,-18.862183648999974,0],[27.917654257000038,-18.860733136999954,0],[27.916459152000073,-18.859270547999927,0],[27.914443349000067,-18.858542428999954,0],[27.907779124000058,-18.855616347999955,0],[27.902306659000033,-18.85415070099998,0],[27.89610583700005,-18.852690133999943,0],[27.89051291100003,-18.851960371999951,0],[27.886338986000055,-18.851224628999944,0],[27.883585430000039,-18.850484251999944,0],[27.880735572000049,-18.850491702999932,0],[27.878069003000064,-18.849000885999942,0],[27.872540081000068,-18.847513928999945,0],[27.865653636000047,-18.845273202999977,0],[27.862875860000031,-18.844525767999983,0],[27.85444811800005,-18.84303037799998,0],[27.850943873000062,-18.842279454999982,0],[27.846001849000061,-18.84153009399995,0],[27.841054288000066,-18.840779765999969,0],[27.840337047000048,-18.840781013999958,0],[27.835316470000066,-18.840789665999978,0],[27.829706847000068,-18.839277304999939,0],[27.826242907000051,-18.837752399999943,0],[27.821391386000073,-18.835457902999963,0],[27.818627785000047,-18.833923399999946,0],[27.815966612000068,-18.830851737999978,0],[27.813180073000069,-18.82932466799997,0],[27.808988438000029,-18.827027480999959,0],[27.806236952000063,-18.82471210999995,0],[27.79988122900005,-18.821631166999964,0],[27.791264244000047,-18.819338450999965,0],[27.787655764000078,-18.818577661999939,0],[27.783968376000075,-18.819390158999965,0],[27.782363166000039,-18.822537064999949,0],[27.777270752000049,-18.822571502999949,0],[27.772912864000034,-18.822569063999936,0],[27.768607938000059,-18.82101933499996,0],[27.762084445000028,-18.820252405999952,0],[27.75919452200003,-18.819480761999955,0],[27.75630142600005,-18.818708185999981,0],[27.750489386000027,-18.817937603999951,0],[27.747573727000031,-18.817940384999929,0],[27.746115919000033,-18.817941774999952,0],[27.740284831000054,-18.817947165999954,0],[27.737378144000047,-18.817172691999929,0],[27.735212966000063,-18.814837848999957,0],[27.733046793000028,-18.811711653999964,0],[27.732341130000066,-18.808518724999942,0],[27.730161057000032,-18.805237919999968,0],[27.727975323000067,-18.800418622999928,0],[27.725766542000031,-18.798002807999978,0],[27.719843902000036,-18.795602070999962,0],[27.719102820000046,-18.795606859999964,0],[27.713158735000036,-18.793197646999943,0],[27.708689344000049,-18.791590020999934,0],[27.70120933100003,-18.788353681999979,0],[27.69747148600004,-18.787554299999954,0],[27.692238180000061,-18.786755166999967,0],[27.687786495000068,-18.787594261999971,0],[27.685574473000031,-18.788427960999968,0],[27.684157266000057,-18.790911097999981,0],[27.679002695000065,-18.792521591999957,0],[27.674545608000074,-18.79250626399994,0],[27.664825582000049,-18.790880056999981,0],[27.659516461000067,-18.788459673999967,0],[27.655676492000055,-18.786011802999951,0],[27.653317832000027,-18.78355759699997,0],[27.648658511000065,-18.78025785899996,0],[27.647062470000037,-18.778569147999974,0],[27.642303653000056,-18.774334802999931,0],[27.639132507000056,-18.77178343199995,0],[27.635195633000023,-18.769228946999931,0],[27.631243469000026,-18.766664395999953,0],[27.625700077000033,-18.763238582999975,0],[27.61951080700004,-18.76155573099993,0],[27.614065180000068,-18.759861648999959,0],[27.61323389000006,-18.758995299999981,0],[27.602375645000052,-18.75646799499998,0],[27.597056319000046,-18.756510587999969,0],[27.588301242000057,-18.752962932999935,0],[27.579458284000054,-18.748643095999967,0],[27.577163685000073,-18.748654184999964,0],[27.571335810000051,-18.744310700999961,0],[27.564689496000028,-18.739915021999934,0],[27.561401935000049,-18.738149762999967,0],[27.558106133000024,-18.736379907999947,0],[27.549833020000051,-18.731941241999948,0],[27.546284914000069,-18.728366103999974,0],[27.542056474000049,-18.725677350999945,0],[27.538591207000024,-18.722975920999943,0],[27.535123094000028,-18.720284766999953,0],[27.533444337000049,-18.719388509999931,0],[27.528264025000055,-18.715767256999982,0],[27.523328638000066,-18.713987289999977,0],[27.519161100000076,-18.71219051099996,0],[27.514061781000066,-18.709468063999964,0],[27.508438946000069,-18.708594642999969,0],[27.503397767000024,-18.706693130999952,0],[27.497550936000039,-18.70478325299996,0],[27.491435756000044,-18.701087191999932,0],[27.487332719000051,-18.700170191999973,0],[27.484803106000072,-18.699240067999938,0],[27.476559008000038,-18.697375951999959,0],[27.471470457000066,-18.695502161999968,0],[27.464951545000076,-18.694573958999968,0],[27.456162151000058,-18.689904659999968,0],[27.452808739000034,-18.688978376999955,0],[27.447680569000056,-18.687111131999927,0],[27.448367113000074,-18.682325990999971,0],[27.447273533000043,-18.676553807999937,0],[27.446098436000057,-18.674615690999929,0],[27.434915812000042,-18.666858360999981,0],[27.426856392000047,-18.658993301999942,0],[27.419330444000025,-18.654044129999932,0],[27.416041703000076,-18.650035008999964,0]]]},"properties":{"OID":5,"Name":"Untitled Polygon","FolderPath":"FORESTED2020.kml/FORESTED","SymbolID":0,"AltMode":0,"Base":0,"Clamped":-1,"Extruded":0,"Snippet":"","PopupInfo":"","Shape_Length":1.4329425526671029,"Shape_Area":0.024292971316885341}},{"type":"Feature","id":6,"geometry":{"type":"Polygon","coordinates":[[[27.570097114000077,-18.698646551999957,0],[27.569998117000068,-18.69876044199998,0],[27.569895991000067,-18.69881709699996,0],[27.569741414000077,-18.698873689999971,0],[27.569669755000064,-18.698986248999972,0],[27.569620911000072,-18.699042364999968,0],[27.569549726000048,-18.699154219999969,0],[27.569478835000041,-18.699265611999976,0],[27.56940824000003,-18.699376540999936,0],[27.569341896000026,-18.699542041999962,0],[27.569299894000039,-18.699679169999968,0],[27.569254077000039,-18.699761128999967,0],[27.569214496000029,-18.69992425199996,0],[27.569226635000064,-18.700086349999935,0],[27.569234686000073,-18.700193871999943,0],[27.569246704000079,-18.700354347999962,0],[27.569254676000071,-18.700460797999938,0],[27.569264601000043,-18.700593279999964,0],[27.569327481000073,-18.700751740999976,0],[27.569370411000023,-18.700987528999974,0],[27.569403421000061,-18.701091677999955,0],[27.569490507000069,-18.701247216999946,0],[27.569546445000071,-18.701324668999973,0],[27.569604019000053,-18.701427539999941,0],[27.56968644400007,-18.701530064999929,0],[27.569766831000038,-18.701606738999942,0],[27.569846982000058,-18.701683188999937,0],[27.570004985000025,-18.701810161999958,0],[27.570029929000043,-18.701810222999939,0],[27.570159193000052,-18.70188619399994,0],[27.570286632000034,-18.701936818999968,0],[27.570466259000057,-18.702037590999964,0],[27.570544721000033,-18.702112776999968,0],[27.57072323500006,-18.702212862999943,0],[27.570775140000023,-18.702262669999982,0],[27.570902195000031,-18.702337317999934,0],[27.571079240000074,-18.702436533999958,0],[27.571205422000048,-18.702510678999943,0],[27.571254640000063,-18.70251079999997,0],[27.571378583000069,-18.702535672999943,0],[27.571476972000028,-18.702535915999931,0],[27.571575362000033,-18.702536158999976,0],[27.571698350000077,-18.70253646499998,0],[27.571796042000074,-18.702512141999932,0],[27.571918453000023,-18.702487858999973,0],[27.572016956000027,-18.70248815399998,0],[27.572115457000052,-18.702488455999969,0],[27.572238583000058,-18.702488831999972,0],[27.572361283000077,-18.702464579999969,0],[27.572459830000071,-18.702464880999969,0],[27.572558377000064,-18.702465181999969,0],[27.572681289000059,-18.702440906999982,0],[27.572779658000059,-18.702416532999962,0],[27.572877948000041,-18.702367414999969,0],[27.573001253000029,-18.702343044999964,0],[27.57309990400006,-18.70229378199997,0],[27.573223503000065,-18.702294159999951,0],[27.573322466000036,-18.702244801999939,0],[27.573421713000073,-18.702170429999967,0],[27.573496691000059,-18.702045710999982,0],[27.573546982000039,-18.701945464999937,0],[27.573597473000063,-18.701844819999963,0],[27.573698597000032,-18.701693181999929,0],[27.573774702000037,-18.701591614999927,0],[27.573825412000076,-18.701540718999979,0],[27.573901996000075,-18.701438544999974,0],[27.574003692000076,-18.701361783999971,0],[27.574106125000071,-18.701258971999948,0],[27.574183692000076,-18.701155670999981,0],[27.574236747000043,-18.701025825999977,0],[27.574288480000064,-18.700973798999939,0],[27.574316013000043,-18.700869194999939,0],[27.574344217000032,-18.700737825999965,0],[27.574397518000069,-18.700632346999953,0],[27.574426057000039,-18.700499776999948,0],[27.574480401000073,-18.700366613999961,0],[27.574509296000031,-18.700232691999929,0],[27.574513199000023,-18.700070983999979,0],[27.574491880000039,-18.699881017999928,0],[27.574444398000026,-18.699689766999938,0],[27.574370488000056,-18.699497079999958,0],[27.574344973000052,-18.699469404999945,0],[27.574243684000066,-18.699302879999948,0],[27.574218010000038,-18.699275006999983,0],[27.574141768000061,-18.69913532299995,0],[27.574063841000054,-18.699079138999934,0],[27.57398653100006,-18.698966602999974,0],[27.573882839000078,-18.698825258999932,0],[27.573830326000063,-18.698796829999935,0],[27.573672907000059,-18.698654897999972,0],[27.573593796000068,-18.698598034999975,0],[27.573541073000058,-18.698541112999976,0],[27.573461786000053,-18.698455514999978,0],[27.573355633000062,-18.698369597999942,0],[27.573249155000042,-18.698283416999971,0],[27.573088791000032,-18.698139236999964,0],[27.573008246000029,-18.698052410999935,0],[27.572900635000053,-18.697965259999933,0],[27.572819978000041,-18.697936050999942,0],[27.572712126000056,-18.697877663999975,0],[27.572496518000037,-18.697818920999964,0],[27.572415866000028,-18.69781874499995,0],[27.57230833400007,-18.697818509999934,0],[27.572147596000036,-18.697847305999971,0],[27.571960170000068,-18.697876014999963,0],[27.571907143000033,-18.697904986999959,0],[27.571746101000031,-18.697904631999961,0],[27.571613565000064,-18.697962429999961,0],[27.571481304000031,-18.698020105999944,0],[27.571293817000026,-18.698019692999935,0],[27.571160962000079,-18.698048338999968,0],[27.571054992000029,-18.698076957999945,0],[27.570869917000039,-18.698133411999947,0],[27.570817667000028,-18.698162004999972,0],[27.57068657800005,-18.698218836999956,0],[27.570609188000049,-18.698276097999951,0],[27.570505261000051,-18.698332975999961,0],[27.570403076000048,-18.698418603999983,0],[27.570327818000067,-18.698504239999977,0],[27.570254400000067,-18.698618268999951,0],[27.570154904000049,-18.698731939999959,0],[27.570097114000077,-18.698646551999957,0]]]},"properties":{"OID":6,"Name":"Untitled Polygon","FolderPath":"FORESTED2020.kml/FORESTED","SymbolID":0,"AltMode":0,"Base":0,"Clamped":-1,"Extruded":0,"Snippet":"","PopupInfo":"","Shape_Length":0.015790637825020565,"Shape_Area":1.8734506536061743e-05}},{"type":"Feature","id":7,"geometry":{"type":"Polygon","coordinates":[[[27.575377183000057,-18.696266643999934,0],[27.575181699000041,-18.696327765999968,0],[27.575068380000062,-18.696419575999982,0],[27.574955420000038,-18.696511094999948,0],[27.574870290000035,-18.69660238299997,0],[27.574757201000068,-18.696723648999978,0],[27.574671941000076,-18.69684446499997,0],[27.574559048000026,-18.696994759999939,0],[27.574445481000055,-18.697203946999934,0],[27.574415834000035,-18.697322871999972,0],[27.574413380000067,-18.697441362999939,0],[27.574409719000073,-18.697618181999928,0],[27.574406082000053,-18.697793907999937,0],[27.574429902000077,-18.697939575999953,0],[27.574454225000068,-18.698055587999932,0],[27.574503875000062,-18.698228742999959,0],[27.574552548000042,-18.698429400999942,0],[27.574577096000041,-18.698514969999962,0],[27.574652451000077,-18.698685384999976,0],[27.574753658000077,-18.698855498999933,0],[27.574803195000072,-18.69896844699997,0],[27.574854204000076,-18.699024803999976,0],[27.574928769000053,-18.699165066999967,0],[27.57502912800004,-18.699304668999957,0],[27.575156055000036,-18.699416073999942,0],[27.575232363000055,-18.699471682999956,0],[27.575333498000077,-18.699554833999969,0],[27.575510025000028,-18.699692875999972,0],[27.575635030000058,-18.699802746999978,0],[27.575809861000039,-18.699939892999964,0],[27.575933560000067,-18.700049114999956,0],[27.576032432000034,-18.700130770999976,0],[27.57620963100004,-18.700185738999949,0],[27.576412134000066,-18.700240740999959,0],[27.57646187000006,-18.700267888999974,0],[27.576638123000066,-18.700322558999972,0],[27.576662027000054,-18.700349465999977,0],[27.576839611000025,-18.70037726299995,0],[27.576890841000079,-18.700377567999965,0],[27.57701890900006,-18.700378332999946,0],[27.577172573000041,-18.700379249999969,0],[27.577279112000042,-18.700326396999969,0],[27.577383749000035,-18.700300238999944,0],[27.577490648000037,-18.700247231999981,0],[27.577649142000041,-18.700194429999954,0],[27.577807940000071,-18.70014152899995,0],[27.577910795000037,-18.700142149999976,0],[27.57812146200007,-18.700089461999937,0],[27.578355668000029,-18.700063862999968,0],[27.578541278000046,-18.700010867999936,0],[27.578649873000074,-18.699957300999927,0],[27.578709854000067,-18.699876114999938,0],[27.578770018000057,-18.699794680999958,0],[27.578859162000072,-18.699685770999963,0],[27.578945726000029,-18.699603918999969,0],[27.579035543000032,-18.699494234999975,0],[27.579125728000065,-18.699384101999954,0],[27.579225591000068,-18.699189904999969,0],[27.579293618000065,-18.699050309999961,0],[27.579361995000056,-18.698909993999962,0],[27.579404373000045,-18.698768772999927,0],[27.579440356000077,-18.698683938999977,0],[27.579479569000057,-18.698570556999982,0],[27.579492438000045,-18.698456533999945,0],[27.579482023000025,-18.698313162999966,0],[27.579474788000027,-18.698140171999967,0],[27.57946103200004,-18.698024183999962,0],[27.579423671000029,-18.697878375999949,0],[27.579406525000024,-18.69779055999993,0],[27.579392540000072,-18.697673105999968,0],[27.57937849700005,-18.697555154999975,0],[27.579364396000074,-18.697436705999962,0],[27.579326383000023,-18.697287796999944,0],[27.579240222000067,-18.697077759999956,0],[27.579174390000048,-18.69692674099997,0],[27.579129265000063,-18.696835699999951,0],[27.579056662000028,-18.696744166999963,0],[27.578953401000035,-18.696682576999933,0],[27.578776573000027,-18.696528614999977,0],[27.57864802000006,-18.696435667999936,0],[27.578546577000054,-18.696342619999939,0],[27.578447592000032,-18.696218352999949,0],[27.578315058000044,-18.696155390999934,0],[27.578159585000037,-18.696030604999976,0],[27.578106725000055,-18.695999309999934,0],[27.577947808000033,-18.69590521899994,0],[27.577894720000074,-18.695873789999951,0],[27.57776296000003,-18.695779412999968,0],[27.577602884000044,-18.695684609999944,0],[27.577463436000073,-18.695683999999972,0],[27.577268201000038,-18.695683144999975,0],[27.576989278000042,-18.695681921999949,0],[27.576905597000064,-18.695681554999965,0],[27.576710336000076,-18.695680699999969,0],[27.576598754000031,-18.695680210999967,0],[27.576485432000027,-18.695711118999952,0],[27.576318138000033,-18.695710386999963,0],[27.576262371000041,-18.695710141999939,0],[27.57611987100006,-18.695772231999968,0],[27.576005495000061,-18.695834310999942,0],[27.575892774000067,-18.695865060999949,0],[27.575778815000035,-18.695926945999929,0],[27.57566508900004,-18.695988744999966,0],[27.575578053000072,-18.69608169299994,0],[27.575437112000031,-18.696143321999955,0],[27.575378318000048,-18.696235834999982,0],[27.575289934000068,-18.696389389999979,0],[27.575377183000057,-18.696266643999934,0]]]},"properties":{"OID":7,"Name":"Untitled Polygon","FolderPath":"FORESTED2020.kml/FORESTED","SymbolID":0,"AltMode":0,"Base":0,"Clamped":-1,"Extruded":0,"Snippet":"","PopupInfo":"","Shape_Length":0.015726941000260671,"Shape_Area":1.8328490142210461e-05}},{"type":"Feature","id":8,"geometry":{"type":"Polygon","coordinates":[[[27.569019337000043,-18.704803891999973,0],[27.568966686000067,-18.705004428999928,0],[27.568937764000054,-18.705203361999963,0],[27.568907098000068,-18.705378802999974,0],[27.568851536000068,-18.705531183999938,0],[27.568840481000052,-18.70566114199994,0],[27.568825472000071,-18.705747372999951,0],[27.56883552000005,-18.70585480099993,0],[27.568845518000046,-18.705961740999953,0],[27.568905159000053,-18.706110775999946,0],[27.568937754000046,-18.706216624999968,0],[27.568998690000058,-18.706385015999956,0],[27.569057311000051,-18.70653138299997,0],[27.569138147000047,-18.706676897999955,0],[27.569145470000024,-18.706759527999964,0],[27.569227421000051,-18.706924099999981,0],[27.569256970000026,-18.707005911999943,0],[27.569291660000033,-18.707148341999982,0],[27.56934497900005,-18.707249621999949,0],[27.569396372000028,-18.707330346999981,0],[27.569442565000031,-18.707350576999943,0],[27.569522217000042,-18.707510907999961,0],[27.569571311000061,-18.707570797999949,0],[27.569689666000045,-18.707670371999939,0],[27.569853052000042,-18.707789356999967,0],[27.569990836000045,-18.707868422999979,0],[27.570178630000044,-18.70804499999997,0],[27.570294483000055,-18.708142546999966,0],[27.570452290000048,-18.708220466999933,0],[27.57047411800005,-18.708220529999949,0],[27.570718514000077,-18.708298431999935,0],[27.570874072000038,-18.708356609999953,0],[27.570962093000048,-18.708376071999965,0],[27.571050039000056,-18.708395517999975,0],[27.571159650000027,-18.708415007999974,0],[27.571181387000024,-18.708415067999965,0],[27.571333547000052,-18.70841549599993,0],[27.571377021000046,-18.708415618999936,0],[27.571550924000064,-18.708416106999948,0],[27.571768311000028,-18.708416716999977,0],[27.571811791000073,-18.708416838999938,0],[27.571963969000024,-18.708417265999969,0],[27.572159633000069,-18.708417813999972,0],[27.572290080000073,-18.708418179999967,0],[27.572398432000057,-18.708399297999961,0],[27.572550111000055,-18.708361303999936,0],[27.572658225000055,-18.708303853999951,0],[27.572766820000027,-18.70826556999998,0],[27.57278844800004,-18.708246311999972,0],[27.57291887100007,-18.70816924099995,0],[27.573006236000026,-18.708150082999964,0],[27.573049905000062,-18.708130786999959,0],[27.573115456000039,-18.708092084999976,0],[27.573224961000051,-18.708033934999946,0],[27.573290854000049,-18.707955944999981,0],[27.573356921000027,-18.707897321999951,0],[27.573445369000069,-18.707799215999955,0],[27.573556574000065,-18.707661113999961,0],[27.573690440000064,-18.707542175999947,0],[27.573780548000059,-18.707422491999978,0],[27.573870575000058,-18.70734243499993,0],[27.573938610000027,-18.707262035999975,0],[27.573984534000033,-18.707181293999952,0],[27.574098918000061,-18.707039402999953,0],[27.574167805000059,-18.706957938999949,0],[27.574214871000038,-18.706855597999947,0],[27.57428423600004,-18.706773482999949,0],[27.574332232000074,-18.706649613999957,0],[27.574380484000073,-18.706525084999953,0],[27.57440626600004,-18.706399831999931,0],[27.574410445000069,-18.706231704999936,0],[27.574414127000068,-18.706083605999936,0],[27.574416241000051,-18.705998559999955,0],[27.574419959000068,-18.70584899399995,0],[27.574400635000075,-18.70569842499998,0],[27.57438015200006,-18.705590274999963,0],[27.574337906000039,-18.705416191999973,0],[27.574339911000038,-18.705328732999931,0],[27.574251094000033,-18.705130554999982,0],[27.574230937000038,-18.704975408999928,0],[27.574186311000062,-18.704863792999959,0],[27.574118785000053,-18.704706605999945,0],[27.574050055000043,-18.704593639999928,0],[27.573981002000039,-18.704480142999955,0],[27.573887610000043,-18.704388846999962,0],[27.573817611000038,-18.704297278999945,0],[27.57360496900003,-18.704158956999947,0],[27.573533822000059,-18.704112672999941,0],[27.573367302000065,-18.703996619999941,0],[27.573200027000041,-18.703926521999961,0],[27.573152140000047,-18.703903135999951,0],[27.572960137000052,-18.703809364999927,0],[27.572864039000024,-18.703785720999974,0],[27.572694805000026,-18.703668106999942,0],[27.57259738700003,-18.703573727999981,0],[27.572427171000072,-18.703478766999979,0],[27.572305570000026,-18.703431039999941,0],[27.572159546000023,-18.703383146999954,0],[27.571989027000029,-18.703335089999939,0],[27.571842416000038,-18.703287012999965,0],[27.571818181000026,-18.703286937999962,0],[27.571672014000058,-18.703262644999938,0],[27.57147972100006,-18.703309741999931,0],[27.571407046000047,-18.703309521999927,0],[27.571261699000047,-18.703309082999965,0],[27.571116348000032,-18.703308641999968,0],[27.570900600000073,-18.703355658999953,0],[27.570804975000044,-18.703379162999966,0],[27.570709442000066,-18.703402647999951,0],[27.570545368000069,-18.703496908999966,0],[27.570401962000062,-18.703520154999978,0],[27.570237443000053,-18.703590439999971,0],[27.570047837000061,-18.703636979999942,0],[27.569930696000029,-18.703683613999942,0],[27.569793028000049,-18.703776858999959,0],[27.569679828000062,-18.703869813999972,0],[27.569543157000055,-18.703962352999952,0],[27.569410604000041,-18.704100693999976,0],[27.569346436000046,-18.704192545999945,0],[27.569260631000077,-18.704306863999932,0],[27.569180908000078,-18.704488805999972,0],[27.569145081000045,-18.704624433999982,0],[27.569113275000063,-18.704804139999965,0],[27.569119001000047,-18.704871228999934,0],[27.569019337000043,-18.704803891999973,0]]]},"properties":{"OID":8,"Name":"Untitled Polygon","FolderPath":"FORESTED2020.kml/FORESTED","SymbolID":0,"AltMode":0,"Base":0,"Clamped":-1,"Extruded":0,"Snippet":"","PopupInfo":"","Shape_Length":0.017129643288135789,"Shape_Area":2.2351151800861611e-05}},{"type":"Feature","id":9,"geometry":{"type":"Polygon","coordinates":[[[27.573667024000031,-18.702754684999945,0],[27.573664504000078,-18.702854293999962,0],[27.573686773000077,-18.702953048999973,0],[27.573732336000035,-18.703100465999967,0],[27.573753078000038,-18.70324708499993,0],[27.573775670000032,-18.703320069999961,0],[27.573796869000034,-18.703441274999932,0],[27.573866104000047,-18.703585926999949,0],[27.573957086000064,-18.703801416999966,0],[27.574001918000079,-18.703920366999967,0],[27.574023110000041,-18.704015141999946,0],[27.574044995000065,-18.704085987999974,0],[27.574133389000053,-18.704321242999981,0],[27.574178898000071,-18.704391592999968,0],[27.574224279000077,-18.704461741999978,0],[27.574266796000074,-18.704601455999978,0],[27.574334714000031,-18.704694381999957,0],[27.574402199000076,-18.704787354999951,0],[27.574467415000072,-18.704925787999969,0],[27.574534293000056,-18.705017829999974,0],[27.574623600000052,-18.705132010999932,0],[27.574667641000076,-18.705200030999947,0],[27.574735103000023,-18.705267951999929,0],[27.574825888000078,-18.705335769999976,0],[27.574893045000067,-18.705403127999944,0],[27.575008130000072,-18.705448133999937,0],[27.575121769000077,-18.705515317999982,0],[27.575190818000067,-18.705537761999949,0],[27.575304004000031,-18.70560470199996,0],[27.57543877300003,-18.705693739999958,0],[27.575506951000023,-18.705716594999956,0],[27.575638857000058,-18.705827970999962,0],[27.575773870000035,-18.705894282999964,0],[27.575885399000072,-18.70596022999996,0],[27.575975048000032,-18.706004139999948,0],[27.576044636000063,-18.706004341999972,0],[27.576160614000059,-18.706004677999942,0],[27.576253396000027,-18.70600494599995,0],[27.576440774000048,-18.705983671999945,0],[27.576512240000056,-18.705962044999978,0],[27.576653447000069,-18.705940598999973,0],[27.576723096000023,-18.705940823999981,0],[27.576838874000032,-18.705941433999953,0],[27.576958856000033,-18.705898201999958,0],[27.577074787000072,-18.70589874999996,0],[27.57721895800006,-18.705855049999968,0],[27.57733547600003,-18.705855244999952,0],[27.577477679000026,-18.705833478999978,0],[27.577526707000061,-18.705811533999963,0],[27.57762490500005,-18.705767581999964,0],[27.577754180000056,-18.70565714199995,0],[27.577858043000049,-18.705568409999955,0],[27.57796230200006,-18.705479339999954,0],[27.578017225000053,-18.705412276999937,0],[27.578124840000044,-18.705300103999946,0],[27.578230212000051,-18.705210005999959,0],[27.578362497000057,-18.70509689599993,0],[27.578497329000072,-18.704961129999958,0],[27.578552800000068,-18.704893187999971,0],[27.578634814000054,-18.704802421999943,0],[27.578693595000061,-18.704711041999929,0],[27.578785124000035,-18.704550225999981,0],[27.578820337000025,-18.704458019999947,0],[27.578879551000057,-18.704365638999946,0],[27.578917967000052,-18.704249475999973,0],[27.578939672000047,-18.704084747999957,0],[27.578958592000049,-18.703942513999948,0],[27.57895030800006,-18.703823188999934,0],[27.578962997000076,-18.70372744499997,0],[27.57895510000003,-18.703606706999949,0],[27.57892640700004,-18.703460620999977,0],[27.578921820000062,-18.703313907999927,0],[27.578889054000058,-18.703191130999983,0],[27.578883659000041,-18.70304342999998,0],[27.578884560000063,-18.702845254999943,0],[27.578859797000064,-18.702646314999981,0],[27.57887222200003,-18.702546340999959,0],[27.578822298000034,-18.702345023999953,0],[27.578831611000055,-18.70226921099993,0],[27.578803263000054,-18.702091308999968,0],[27.578781265000032,-18.702065743999981,0],[27.578698174000067,-18.701913181999942,0],[27.578631347000055,-18.701836389999983,0],[27.578542052000046,-18.701733545999957,0],[27.578429958000072,-18.701604441999962,0],[27.578337171000044,-18.70152651199993,0],[27.57831486200007,-18.70150020799997,0],[27.578171772000076,-18.701420638999934,0],[27.578008333000071,-18.701288228999942,0],[27.577937466000037,-18.701235293999957,0],[27.577817703000051,-18.701156308999941,0],[27.577647973000069,-18.701074492999965,0],[27.57757461500006,-18.701046438999981,0],[27.577475384000024,-18.701018548999969,0],[27.577303237000024,-18.700938558999951,0],[27.577205338000056,-18.700885104999941,0],[27.577153908000071,-18.700885102999962,0],[27.576950756000031,-18.70085785699996,0],[27.576796757000068,-18.700857159999941,0],[27.576667931000031,-18.70085757499993,0],[27.576462703000061,-18.70085641999998,0],[27.576334420000023,-18.700855698999931,0],[27.576204221000069,-18.700881692999928,0],[27.576127279000048,-18.700881262999928,0],[27.575971611000057,-18.700907021999967,0],[27.575867349000077,-18.70093303799996,0],[27.575684711000065,-18.700985147999972,0],[27.575606237000045,-18.701011465999954,0],[27.575447995000047,-18.701090510999961,0],[27.575369785000078,-18.701116729999967,0],[27.575263263000068,-18.70119561599995,0],[27.575132910000036,-18.701247899999942,0],[27.574976061000029,-18.701326244999962,0],[27.574923882000064,-18.701352310999937,0],[27.574742227000058,-18.701430272999971,0],[27.574689141000079,-18.70148232799994,0],[27.574558986000056,-18.701560061999942,0],[27.574478828000053,-18.701663636999967,0],[27.574449497000046,-18.701766961999965,0],[27.574421270000073,-18.701844171999937,0],[27.57436602000007,-18.701972330999979,0],[27.574284096000042,-18.702150704999951,0],[27.574255276000031,-18.702252710999971,0],[27.574176591000025,-18.702354284999956,0],[27.574099172000047,-18.702429707999954,0],[27.573948117000043,-18.702479181999934,0],[27.573871277000023,-18.702553955999974,0],[27.573844224000027,-18.702629300999945,0],[27.573840627000038,-18.702754406999929,0],[27.573861815000043,-18.702878727999973,0],[27.573667024000031,-18.702754684999945,0]]]},"properties":{"OID":9,"Name":"Untitled Polygon","FolderPath":"FORESTED2020.kml/FORESTED","SymbolID":0,"AltMode":0,"Base":0,"Clamped":-1,"Extruded":0,"Snippet":"","PopupInfo":"","Shape_Length":0.016810294995629235,"Shape_Area":2.0776891269817029e-05}},{"type":"Feature","id":10,"geometry":{"type":"Polygon","coordinates":[[[27.579522273000066,-18.702722711999968,0],[27.579526177000048,-18.702845637999928,0],[27.579528510000046,-18.702919084999962,0],[27.579533233000063,-18.703065712999944,0],[27.579539451000073,-18.703259461999949,0],[27.579544003000024,-18.703403425999966,0],[27.579549936000035,-18.703593616999967,0],[27.579506837000054,-18.703711566999971,0],[27.579485754000075,-18.703782065999974,0],[27.579492634000076,-18.703992482999979,0],[27.579495672000064,-18.704085392999957,0],[27.579524070000048,-18.704247106999958,0],[27.579550050000023,-18.704338866999933,0],[27.57960033300003,-18.704475867999975,0],[27.579626709000024,-18.704589376999934,0],[27.579700652000042,-18.704769934999945,0],[27.579771038000047,-18.704837402999942,0],[27.579795626000077,-18.704904545999966,0],[27.579866707000065,-18.705015856999978,0],[27.579960115000063,-18.705126599999971,0],[27.580076144000031,-18.705258811999954,0],[27.580122630000062,-18.705324645999951,0],[27.580214453000053,-18.70541211799997,0],[27.580328433000034,-18.705499250999935,0],[27.58039679500007,-18.705564402999983,0],[27.580510085000071,-18.705651046999947,0],[27.580622632000029,-18.705694555999969,0],[27.58071257000006,-18.705737919999933,0],[27.580847224000024,-18.705824293999967,0],[27.58086964000006,-18.705845800999953,0],[27.580959066000048,-18.705910256999971,0],[27.581070553000075,-18.705953256999976,0],[27.581203897000023,-18.70603870399998,0],[27.581314548000023,-18.706123531999935,0],[27.581446971000048,-18.706208051999965,0],[27.581557309000061,-18.706250197999964,0],[27.581711731000041,-18.706292269999949,0],[27.581756007000024,-18.706292270999938,0],[27.581866710000043,-18.706292269999949,0],[27.581955287000028,-18.706292269999949,0],[27.582088169000031,-18.706292271999928,0],[27.582198925000057,-18.706292272999974,0],[27.582288084000027,-18.706271443999981,0],[27.582465250000041,-18.70627193699994,0],[27.582598845000064,-18.706251331999965,0],[27.582665255000052,-18.706251655999949,0],[27.582753792000062,-18.706252088999975,0],[27.582886582000071,-18.706252739999968,0],[27.583042444000057,-18.706232411999963,0],[27.583133091000036,-18.706190463999974,0],[27.583201709000036,-18.706148374999941,0],[27.583315991000063,-18.706085126999938,0],[27.583430599000053,-18.706021695999937,0],[27.58352323400004,-18.705958026999951,0],[27.583616133000078,-18.705894174999969,0],[27.583773495000059,-18.705873590999943,0],[27.583797154000024,-18.705852234999952,0],[27.583936749000031,-18.705766789999927,0],[27.584032464000074,-18.705680219999977,0],[27.584106030000044,-18.705593317999956,0],[27.584179706000043,-18.705506345999936,0],[27.584279446000039,-18.705375250999964,0],[27.584327934000044,-18.705331369999953,0],[27.584379775000059,-18.705243378999967,0],[27.584507224000049,-18.705065833999981,0],[27.584535371000072,-18.704998786999965,0],[27.584640996000076,-18.704819608999969,0],[27.584697338000069,-18.704684952999969,0],[27.584734586000025,-18.704504093999958,0],[27.584743584000023,-18.704390307999972,0],[27.584777589000055,-18.704253103999974,0],[27.584795658000075,-18.704022992999967,0],[27.584808711000051,-18.703860100999975,0],[27.58481628800007,-18.703766381999969,0],[27.584823896000046,-18.70367228799995,0],[27.584827712000049,-18.703625100999943,0],[27.584821030000057,-18.703412192999963,0],[27.584810345000051,-18.703245640999967,0],[27.584797737000031,-18.703101979999929,0],[27.584714114000064,-18.702956491999942,0],[27.584587444000078,-18.702737192999962,0],[27.58445596200005,-18.70256563199996,0],[27.584389045000023,-18.702491712999972,0],[27.584347626000067,-18.702392950999979,0],[27.584280369000055,-18.702318382999977,0],[27.584193717000062,-18.702168369999981,0],[27.584079144000043,-18.702067744999965,0],[27.583891179000034,-18.701966848999973,0],[27.583822760000032,-18.701890680999952,0],[27.583729790000064,-18.701814204999948,0],[27.583635165000032,-18.701762992999932,0],[27.583422169000073,-18.701634570999943,0],[27.583303623000063,-18.701557223999941,0],[27.583162490000063,-18.70142778099995,0],[27.583017454000071,-18.701375449999944,0],[27.582821978000027,-18.701348885999948,0],[27.582748271000071,-18.70134866799998,0],[27.582502583000064,-18.701347953999971,0],[27.582379737000053,-18.701347593999969,0],[27.582183182000051,-18.701347017999979,0],[27.581986624000024,-18.701346439999952,0],[27.581863319000036,-18.701372073999948,0],[27.581765090000033,-18.701371784999935,0],[27.581617745000074,-18.701371352999956,0],[27.581469907000042,-18.701422828999966,0],[27.581322550000039,-18.701448309999932,0],[27.581175352000059,-18.701473723999982,0],[27.581052789000069,-18.701498540999978,0],[27.580905958000073,-18.701574839999978,0],[27.580832848000057,-18.701651584999979,0],[27.580662404000066,-18.701727196999968,0],[27.580662589000042,-18.701752871999929,0],[27.580517348000058,-18.70185397299997,0],[27.580396655000072,-18.701929418999953,0],[27.580276717000061,-18.702030019999938,0],[27.580156360000046,-18.702079628999968,0],[27.580013618000066,-18.702204608999978,0],[27.579917508000051,-18.702228934999937,0],[27.579824005000035,-18.702353579999965,0],[27.579803737000077,-18.702503088999947,0],[27.579780998000047,-18.702552517999948,0],[27.579717143000039,-18.702847738999935,0],[27.579522273000066,-18.702722711999968,0]]]},"properties":{"OID":10,"Name":"Untitled Polygon","FolderPath":"FORESTED2020.kml/FORESTED","SymbolID":0,"AltMode":0,"Base":0,"Clamped":-1,"Extruded":0,"Snippet":"","PopupInfo":"","Shape_Length":0.016768939616401756,"Shape_Area":2.0936692168424343e-05}},{"type":"Feature","id":11,"geometry":{"type":"Polygon","coordinates":[[[27.582242533000056,-18.69548293899993,0],[27.581771667000055,-18.695678722999958,0],[27.581030856000041,-18.695925959999954,0],[27.58073108800005,-18.696082237999974,0],[27.580460283000036,-18.696241594999947,0],[27.580245261000073,-18.696399634999977,0],[27.580167002000053,-18.696588646999942,0],[27.580114074000051,-18.696651133999978,0],[27.580037219000076,-18.696869555999967,0],[27.579986534000057,-18.697024505999934,0],[27.579935515000045,-18.697147727999948,0],[27.579938037000034,-18.697270794999952,0],[27.579914558000041,-18.697423078999975,0],[27.579919024000048,-18.69763579499994,0],[27.57992282400005,-18.697816742999976,0],[27.579927223000027,-18.698026256999981,0],[27.579930344000047,-18.698174871999981,0],[27.579959550000069,-18.698322709999957,0],[27.579963159000044,-18.698498900999937,0],[27.579994550000038,-18.698762484999975,0],[27.580049025000051,-18.698906877999946,0],[27.580077958000061,-18.69907866799997,0],[27.580132347000074,-18.699249590999955,0],[27.580211457000075,-18.699391108999976,0],[27.580290064000053,-18.699531076999961,0],[27.580470212000023,-18.699698296999941,0],[27.58057253000004,-18.699781539999947,0],[27.580725165000047,-18.699864661999982,0],[27.580851943000027,-18.699920003999978,0],[27.581079481000074,-18.700002906999941,0],[27.581155079000041,-18.700057795999953,0],[27.58130611100006,-18.700113272999943,0],[27.581331307000028,-18.700113440999928,0],[27.581507135000038,-18.700169036999966,0],[27.581606826000041,-18.700251117999983,0],[27.58168147300006,-18.700305742999944,0],[27.581755956000052,-18.70036024999996,0],[27.581855313000062,-18.700414799999976,0],[27.581953829000042,-18.700497431999963,0],[27.582051359000047,-18.700607328999979,0],[27.582099468000024,-18.700687750999975,0],[27.582247532000054,-18.700741562999951,0],[27.582396026000026,-18.700768644999982,0],[27.582519512000033,-18.700795624999955,0],[27.582693438000035,-18.700796136999941,0],[27.582792824000023,-18.700796426999943,0],[27.582991594000077,-18.700797010999963,0],[27.583041285000036,-18.700797155999965,0],[27.583166678000055,-18.700770908999971,0],[27.583290915000077,-18.700771526999972,0],[27.583441225000058,-18.700745938999944,0],[27.583541956000033,-18.700720003999947,0],[27.583642787000031,-18.700694046999956,0],[27.583770356000059,-18.700640551999982,0],[27.583898391000048,-18.700586302999966,0],[27.584053334000032,-18.700505174999932,0],[27.584181930000057,-18.700451072999954,0],[27.584310819000052,-18.700396845999933,0],[27.584412970000074,-18.700369796999951,0],[27.584492159000035,-18.700315234999948,0],[27.584625929000026,-18.700205660999927,0],[27.584707765000076,-18.700123093999935,0],[27.584847010000033,-18.699957020999932,0],[27.584874527000068,-18.699929241999939,0],[27.584991844000058,-18.699733662999961,0],[27.585024240000052,-18.699649300999965,0],[27.585145272000034,-18.69942298999996,0],[27.585180591000039,-18.699308960999929,0],[27.585218548000057,-18.699165653999955,0],[27.585254226000075,-18.699050412999952,0],[27.585297671000035,-18.698847375999947,0],[27.585312674000079,-18.698672674999955,0],[27.585324797000055,-18.698527414999944,0],[27.585336989000041,-18.698381332999929,0],[27.58536158000004,-18.698086685999954,0],[27.585347654000032,-18.697938022999949,0],[27.585312167000041,-18.697728422999944,0],[27.585319565000077,-18.697638147999953,0],[27.585281303000045,-18.69745649999993,0],[27.585215866000055,-18.69727430599994,0],[27.585073971000043,-18.697030565999967,0],[27.58495328500004,-18.696846290999929,0],[27.584901729000023,-18.696815363999974,0],[27.584723957000051,-18.696660451999946,0],[27.584649299000034,-18.696566866999945,0],[27.584495469000046,-18.69644044599994,0],[27.584392943000068,-18.696346258999938,0],[27.584342409000044,-18.69628371999994,0],[27.584154148000039,-18.696251912999969,0],[27.583967321000046,-18.696188758999938,0],[27.583861425000066,-18.696127288999946,0],[27.583758901000067,-18.695999924999967,0],[27.583707521000065,-18.695935702999975,0],[27.583438645000058,-18.695838880999929,0],[27.583303185000034,-18.695806390999962,0],[27.583142664000036,-18.695709450999971,0],[27.583034153000028,-18.695676891999938,0],[27.582842080000034,-18.695676300999935,0],[27.582621393000068,-18.695710027999951,0],[27.582484155000031,-18.69571108599996,0],[27.582290536000073,-18.695777366999948,0],[27.582180317000052,-18.695809296999983,0],[27.581905606000078,-18.695872875999953,0],[27.58160397000006,-18.695965658999967,0],[27.581467013000065,-18.696027992999973,0],[27.581221431000074,-18.696088903999964,0],[27.581139661000066,-18.696119866999936,0],[27.581030708000071,-18.696278199999938,0],[27.582242533000056,-18.69548293899993,0]]]},"properties":{"OID":11,"Name":"Untitled Polygon","FolderPath":"FORESTED2020.kml/FORESTED","SymbolID":0,"AltMode":0,"Base":0,"Clamped":-1,"Extruded":0,"Snippet":"","PopupInfo":"","Shape_Length":0.019904105264734483,"Shape_Area":2.2148082143825083e-05}},{"type":"Feature","id":12,"geometry":{"type":"Polygon","coordinates":[[[27.572274700000037,-18.709289356999932,0],[27.572210692000056,-18.709385520999945,0],[27.572141689000034,-18.709433564999927,0],[27.572119735000058,-18.709497706999969,0],[27.572099876000038,-18.709577464999938,0],[27.57207814800006,-18.709640898999965,0],[27.572045753000054,-18.709735467999963,0],[27.57202630200004,-18.709813766999957,0],[27.572023657000045,-18.709907159999943,0],[27.572033519000058,-18.709984303999931,0],[27.572047000000055,-18.710091194999961,0],[27.572062516000074,-18.710212634999948,0],[27.572066445000075,-18.710242917999949,0],[27.572078175000058,-18.710333333999927,0],[27.572093482000071,-18.71045259899995,0],[27.572102796000024,-18.710526327999958,0],[27.572110208000026,-18.710585004999928,0],[27.572131898000066,-18.710643531999949,0],[27.572139209000056,-18.710701669999935,0],[27.572146487000055,-18.71075953999997,0],[27.572171538000077,-18.710845966999955,0],[27.572194641000067,-18.71091755499998,0],[27.572210548000044,-18.711045184999932,0],[27.572219313000062,-18.711115529999972,0],[27.572240305000037,-18.711171625999953,0],[27.572280178000028,-18.711269075999951,0],[27.572285259000068,-18.711310551999929,0],[27.572336863000032,-18.711393209999983,0],[27.572372708000046,-18.711461651999969,0],[27.572408354000061,-18.711529714999926,0],[27.572445384000048,-18.711610880999956,0],[27.572497385000077,-18.711704922999957,0],[27.572547504000056,-18.711785005999957,0],[27.572565772000075,-18.711824970999942,0],[27.572630712000034,-18.711917763999963,0],[27.572647241000027,-18.711944136999932,0],[27.572680189000039,-18.711996705999979,0],[27.572741345000054,-18.712062147999973,0],[27.572785931000055,-18.71210126099993,0],[27.572904103000042,-18.712204930999974,0],[27.572978723000062,-18.712282037999955,0],[27.573078176000024,-18.712346016999959,0],[27.573192667000058,-18.712434926999947,0],[27.573262228000033,-18.712472882999975,0],[27.573289768000052,-18.712485519999973,0],[27.573360090000051,-18.712535813999978,0],[27.573416956000074,-18.712585849999982,0],[27.573512937000032,-18.712635783999929,0],[27.573608288000059,-18.712685225999962,0],[27.573675368000067,-18.712709838999956,0],[27.573701475000064,-18.712709841999981,0],[27.573755358000028,-18.712734404999935,0],[27.573835191000057,-18.712758922999967,0],[27.573914870000067,-18.712783392999938,0],[27.573967665000055,-18.712795612999969,0],[27.574033593000024,-18.712808096999936,0],[27.574139642000034,-18.71284481899994,0],[27.574231589000078,-18.712868883999931,0],[27.574335370000028,-18.712868790999948,0],[27.574387386000069,-18.712868975999982,0],[27.574478408000061,-18.712869298999976,0],[27.574608429000023,-18.712869762999958,0],[27.574660434000066,-18.712869947999934,0],[27.574738438000054,-18.712870224999961,0],[27.574777438000069,-18.712870363999969,0],[27.574855435000075,-18.712870641999928,0],[27.574933428000065,-18.712870918999954,0],[27.574998418000064,-18.712871149999955,0],[27.575115393000033,-18.712871566999979,0],[27.575193369000033,-18.712871800999949,0],[27.575297309000064,-18.712847790999945,0],[27.575388371000031,-18.712848034999979,0],[27.575440478000075,-18.712835838999979,0],[27.57549255400005,-18.712835850999966,0],[27.575544760000071,-18.712823638999964,0],[27.575662794000039,-18.712774624999952,0],[27.575728523000066,-18.712750281999945,0],[27.575794108000025,-18.712738334999926,0],[27.575886217000061,-18.712714181999957,0],[27.57595232400007,-18.712689830999977,0],[27.575978878000058,-18.71267759899996,0],[27.576084945000048,-18.712640976999978,0],[27.576164592000055,-18.712616551999929,0],[27.57621761300004,-18.71260439699995,0],[27.576298122000026,-18.712567234999938,0],[27.576338761000045,-18.712542342999939,0],[27.576378921000071,-18.712529892999953,0],[27.576460023000038,-18.712492345999976,0],[27.576515520000044,-18.712442129999943,0],[27.576571217000037,-18.712391785999955,0],[27.576613150000071,-18.71235388499997,0],[27.576697426000067,-18.712277708999977,0],[27.57675697600007,-18.712175393999928,0],[27.576799602000051,-18.712136784999927,0],[27.57682890500007,-18.712098057999981,0],[27.576873454000065,-18.712033233999932,0],[27.576931787000035,-18.711968044999935,0],[27.576992243000063,-18.711876196999981,0],[27.577022186000079,-18.711836613999935,0],[27.577067759000045,-18.711770356999978,0],[27.577114559000051,-18.711690373999943,0],[27.577144936000025,-18.711650174999932,0],[27.577207026000053,-18.711555866999959,0],[27.577254707000066,-18.711474456999952,0],[27.577315480000038,-18.71140616699995,0],[27.577333775000056,-18.711351306999973,0],[27.577369474000079,-18.711254705999977,0],[27.577403139000069,-18.711185228999966,0],[27.577408935000051,-18.711115414999938,0],[27.577431277000073,-18.711016811999968,0],[27.577437281000073,-18.710945875999982,0],[27.577417385000047,-18.71084594499996,0],[27.577412767000055,-18.710730723999973,0],[27.577402106000079,-18.710687265999979,0],[27.577398588000051,-18.710555927999962,0],[27.577392627000052,-18.710452839999959,0],[27.577386618000048,-18.71034891599993,0],[27.577367240000058,-18.710229145999961,0],[27.577358679000042,-18.710153711999965,0],[27.577335462000065,-18.710077879999972,0],[27.577327942000068,-18.709986236999953,0],[27.577305658000057,-18.709893994999959,0],[27.57729445700005,-18.709847630999946,0],[27.577274266000074,-18.709723155999939,0],[27.577248152000038,-18.709676104999971,0],[27.577240314000051,-18.709581290999949,0],[27.57723241900004,-18.70948578499997,0],[27.577207156000043,-18.70942180399993,0],[27.577140093000025,-18.70930918199997,0],[27.577071380000064,-18.709211935999974,0],[27.577002279000055,-18.709113581999929,0],[27.576915541000062,-18.709047411999961,0],[27.576858752000078,-18.708981006999977,0],[27.576771222000048,-18.708914175999951,0],[27.576713788000063,-18.708847103999972,0],[27.576625456000045,-18.708779601999936,0],[27.576522226000066,-18.708694047999927,0],[27.576478412000029,-18.708642568999949,0],[27.576389433000031,-18.708557176999932,0],[27.576268335000066,-18.708488387999978,0],[27.576132648000055,-18.708367418999956,0],[27.576087453000071,-18.708315522999953,0],[27.575963699000056,-18.708280663999972,0],[27.57591767100007,-18.708245959999942,0],[27.575762464000036,-18.708192880999945,0],[27.575700187000052,-18.708174634999978,0],[27.575653459000023,-18.708156924999969,0],[27.575591172000031,-18.70812183399994,0],[27.575434483000038,-18.708104398999978,0],[27.575324696000052,-18.708104523999964,0],[27.575167602000079,-18.708051740999963,0],[27.574915761000057,-18.708016409999971,0],[27.574773831000073,-18.707998061999945,0],[27.574584865000077,-18.707996831999935,0],[27.574443108000025,-18.707995853999932,0],[27.574333691000049,-18.708014361999972,0],[27.574177906000045,-18.708049790999951,0],[27.574084446000029,-18.708067319999941,0],[27.573990997000067,-18.708084301999975,0],[27.573928993000038,-18.70810120799996,0],[27.573851363000074,-18.708117944999969,0],[27.573727906000045,-18.708152479999967,0],[27.573667368000031,-18.708187396999961,0],[27.573575711000046,-18.708221994999974,0],[27.573529968000059,-18.70823926099996,0],[27.573471065000035,-18.708291506999956,0],[27.573379994000049,-18.708325846999969,0],[27.573307052000075,-18.708394225999939,0],[27.57324737700003,-18.708427983999968,0],[27.57320334800005,-18.708461772999954,0],[27.573085994000053,-18.708545846999982,0],[27.573029627000039,-18.70861301399998,0],[27.572944157000052,-18.708696421999946,0],[27.572830492000037,-18.708796998999958,0],[27.572714630000064,-18.708863874999963,0],[27.572592190000023,-18.709012549999954,0],[27.572538199000064,-18.709078108999961,0],[27.572489419000078,-18.709191896999982,0],[27.572426221000057,-18.709305073999928,0],[27.572405263000064,-18.709386022999979,0],[27.572373159000051,-18.709498499999938,0],[27.572380429000077,-18.709562416999972,0],[27.572274700000037,-18.709289356999932,0]]]},"properties":{"OID":12,"Name":"Untitled Polygon","FolderPath":"FORESTED2020.kml/FORESTED","SymbolID":0,"AltMode":0,"Base":0,"Clamped":-1,"Extruded":0,"Snippet":"","PopupInfo":"","Shape_Length":0.016818821457656934,"Shape_Area":2.0702223761849262e-05}},{"type":"Feature","id":13,"geometry":{"type":"Polygon","coordinates":[[[27.58502753700003,-18.70016194599998,0],[27.584983357000056,-18.700217652999982,0],[27.58495571900005,-18.700273195999955,0],[27.584885588000077,-18.700400449999961,0],[27.584862949000069,-18.700508470999978,0],[27.584864587000027,-18.700526372999946,0],[27.584843760000069,-18.700651254999968,0],[27.584853577000047,-18.700757346999978,0],[27.584836222000035,-18.700915247999944,0],[27.584841108000035,-18.700967465999952,0],[27.584838327000057,-18.701106215999971,0],[27.58482738400005,-18.701157946999956,0],[27.584823113000027,-18.701278005999939,0],[27.584833006000054,-18.70138017499994,0],[27.584842840000078,-18.701481645999934,0],[27.58485276600004,-18.701582736999967,0],[27.584862624000039,-18.701683116999959,0],[27.584874036000031,-18.701799337999944,0],[27.584880516000055,-18.701865323999982,0],[27.584906857000078,-18.701979392999931,0],[27.584934414000031,-18.702108480999982,0],[27.584954253000035,-18.70215656299996,0],[27.585044889000073,-18.702314886999943,0],[27.585139239000057,-18.702519450999944,0],[27.585191439000027,-18.702597358999981,0],[27.585263643000076,-18.702736526999956,0],[27.585331415000041,-18.702828644999954,0],[27.585366193000027,-18.702889376999963,0],[27.585434140000075,-18.702995005999981,0],[27.585468498000068,-18.703055019999965,0],[27.58550047600005,-18.70308493899995,0],[27.585565320000057,-18.703159462999963,0],[27.585612944000047,-18.703203995999957,0],[27.585660421000057,-18.703248392999967,0],[27.585755919000064,-18.703351454999961,0],[27.585862647000056,-18.703410040999927,0],[27.585893837000071,-18.703439234999962,0],[27.585986176000063,-18.703511971999944,0],[27.586108162000073,-18.703599048999934,0],[27.586183471000027,-18.703642447999982,0],[27.586332004000042,-18.703700135999952,0],[27.586361750000037,-18.703714412999943,0],[27.586420486000065,-18.703728615999978,0],[27.586553189000028,-18.703772191999974,0],[27.586611910000045,-18.703786940999976,0],[27.586727921000033,-18.703787011999964,0],[27.586786307000068,-18.703801020999947,0],[27.586859115000038,-18.703814939999972,0],[27.586975296000048,-18.703828704999978,0],[27.587033578000046,-18.703842979999934,0],[27.587135234000073,-18.703857299999981,0],[27.587164190000067,-18.703857339999956,0],[27.587222103000045,-18.703857418999974,0],[27.587323457000025,-18.703857556999935,0],[27.587410337000051,-18.703857675999927,0],[27.587511705000054,-18.703857813999946,0],[27.587613089000058,-18.703871909999975,0],[27.587728822000031,-18.703900021999971,0],[27.58780114800004,-18.703899929999977,0],[27.587887833000025,-18.703913931999978,0],[27.587945685000079,-18.703913859999943,0],[27.588018010000042,-18.70391376799995,0],[27.588120018000041,-18.703871090999939,0],[27.588163509000026,-18.703870946999928,0],[27.588236603000041,-18.703842363999968,0],[27.588309866000031,-18.703813714999967,0],[27.588368743000046,-18.703785051999944,0],[27.58842775100004,-18.703756322999936,0],[27.588501481000037,-18.703727478999951,0],[27.58854616800005,-18.703698673999952,0],[27.588620150000054,-18.703669894999962,0],[27.58879648900006,-18.703641741999945,0],[27.588870842000063,-18.703613032999954,0],[27.588945350000074,-18.703584261999936,0],[27.589005363000069,-18.703555360999928,0],[27.589050839000038,-18.703526324999928,0],[27.589142901000059,-18.70345335199994,0],[27.589220718000036,-18.703379909999967,0],[27.589284174000056,-18.703305996999973,0],[27.589348916000063,-18.703216704999932,0],[27.589397269000074,-18.70315687599998,0],[27.589430968000045,-18.703096635999941,0],[27.589447894000045,-18.703066365999973,0],[27.589480838000043,-18.703020834999961,0],[27.58956315100005,-18.70291399599995,0],[27.589614696000069,-18.702822074999972,0],[27.589646942000059,-18.70279155299994,0],[27.589698664000025,-18.702699589999952,0],[27.589768139000057,-18.702576061999935,0],[27.589788989000056,-18.702498323999976,0],[27.589793524000072,-18.702435836999939,0],[27.589799221000078,-18.702357355999936,0],[27.589808399000049,-18.702230913999927,0],[27.589770176000059,-18.702119365999977,0],[27.589773614000023,-18.702071252999929,0],[27.589748384000075,-18.701990630999944,0],[27.589738553000075,-18.701909612999941,0],[27.589741964000041,-18.701860813999929,0],[27.589734582000062,-18.701745640999945,0],[27.589723674000027,-18.701679270999932,0],[27.589715055000056,-18.701579221999964,0],[27.589722104000032,-18.701478635999933,0],[27.589725704000045,-18.701427914999954,0],[27.589732946000026,-18.701325930999928,0],[27.589737802000059,-18.701257544999976,0],[27.58973151400005,-18.701120106999952,0],[27.589735007000058,-18.701068652999936,0],[27.589739682000072,-18.700999777999982,0],[27.589683511000032,-18.700878563999936,0],[27.589626901000031,-18.700756400999978,0],[27.589583961000073,-18.70066825899994,0],[27.589509544000066,-18.700561076999975,0],[27.589465070000074,-18.700489215999937,0],[27.589391851000073,-18.700344517999952,0],[27.589346779000039,-18.700271627999939,0],[27.589300511000033,-18.700216696999973,0],[27.589271505000056,-18.700143242999957,0],[27.589224934000072,-18.700087716999974,0],[27.589146127000049,-18.700012861999937,0],[27.589035481000053,-18.69989990299996,0],[27.588955706000036,-18.699824109999952,0],[27.588891444000069,-18.699767002999977,0],[27.588762191000058,-18.69965214399997,0],[27.588697197000045,-18.699594386999934,0],[27.588614548000066,-18.699555648999933,0],[27.588515963000077,-18.69947807099993,0],[27.588450129000023,-18.699419653999939,0],[27.588366665000024,-18.69938082699997,0],[27.588248743000065,-18.699362174999976,0],[27.588113792000058,-18.699343614999975,0],[27.587962013000038,-18.699304899999959,0],[27.587860464000073,-18.699304604999952,0],[27.587792939000053,-18.699265372999946,0],[27.587691262000078,-18.699265077999939,0],[27.587589584000057,-18.699264780999954,0],[27.587521798000068,-18.699264583999934,0],[27.587453888000027,-18.69924483099993,0],[27.587284314000044,-18.699244336999982,0],[27.587182569000049,-18.69924403999994,0],[27.587080807000063,-18.699243560999946,0],[27.586945015000026,-18.699241864999976,0],[27.586877102000074,-18.699241016999963,0],[27.586809177000077,-18.69924016799996,0],[27.58669089700004,-18.699258347999944,0],[27.586640686000067,-18.699277907999942,0],[27.586556775000076,-18.699298064999937,0],[27.586490620000063,-18.699337630999935,0],[27.586374063000051,-18.699377416999937,0],[27.586258713000063,-18.699436510999931,0],[27.586126081000032,-18.699476129999937,0],[27.586027366000053,-18.699515424999959,0],[27.585927835000064,-18.699535346999937,0],[27.585863067000048,-18.699574268999982,0],[27.585749495000073,-18.699632393999934,0],[27.585700558000042,-18.699651570999947,0],[27.585618252000074,-18.699670624999953,0],[27.585569464000059,-18.699689752999973,0],[27.58547207600003,-18.699727933999952,0],[27.585393070000066,-18.699785217999931,0],[27.585314371000038,-18.699842279999928,0],[27.585222534000025,-18.699937005999971,0],[27.585194170000079,-18.699993627999959,0],[27.585182415000077,-18.700050080999972,0],[27.585142608000069,-18.700162284999976,0],[27.585089355000036,-18.700308857999971,0],[27.585049671000036,-18.700417633999962,0],[27.58502753700003,-18.70016194599998,0]]]},"properties":{"OID":13,"Name":"Untitled Polygon","FolderPath":"FORESTED2020.kml/FORESTED","SymbolID":0,"AltMode":0,"Base":0,"Clamped":-1,"Extruded":0,"Snippet":"","PopupInfo":"","Shape_Length":0.016080549725776667,"Shape_Area":1.8782205226641773e-05}},{"type":"Feature","id":14,"geometry":{"type":"Polygon","coordinates":[[[27.538117708000073,-18.701326424999934,0],[27.537870699000052,-18.702323711999952,0],[27.537922253000033,-18.70319363699997,0],[27.537947640000027,-18.703836367999941,0],[27.537833563000049,-18.704154766999977,0],[27.537733038000056,-18.704576086999964,0],[27.537683589000039,-18.704993806999937,0],[27.537647346000028,-18.70551100199998,0],[27.537548971000035,-18.705920891999938,0],[27.537481703000026,-18.70617533199993,0],[27.537563261000059,-18.706428401999972,0],[27.537761248000038,-18.706428350999943,0],[27.538250280000057,-18.706377699999962,0],[27.538734168000076,-18.706276351999975,0],[27.538982182000041,-18.706276271999968,0],[27.539224700000034,-18.706225506999942,0],[27.540013940000051,-18.706174497999939,0],[27.54065990600003,-18.706174277999935,0],[27.541057532000025,-18.706174143999931,0],[27.541306083000052,-18.706174057999931,0],[27.541608532000055,-18.706224472999963,0],[27.542009939000025,-18.706274562999965,0],[27.54231177500003,-18.706324772999949,0],[27.542464523000035,-18.706375177999973,0],[27.54281562400007,-18.70642548099994,0],[27.543166786000029,-18.706476479999935,0],[27.543504373000076,-18.706325058999937,0],[27.543693618000077,-18.706172969999955,0],[27.543889728000067,-18.706122327999935,0],[27.544135920000031,-18.706071686999962,0],[27.544382384000073,-18.706020990999946,0],[27.544681761000049,-18.706021346999933,0],[27.545180779000077,-18.706021933999978,0],[27.545575545000077,-18.705920241999934,0],[27.545723265000049,-18.705869252999946,0],[27.545919092000076,-18.70576699399993,0],[27.546115339000039,-18.705664513999977,0],[27.546458893000079,-18.705458832999966,0],[27.546654661000048,-18.705303924999953,0],[27.546903005000047,-18.705200498999943,0],[27.54715045100005,-18.705044808999958,0],[27.547301751000077,-18.705044962999978,0],[27.54750223700006,-18.704993015999946,0],[27.54775230100006,-18.704888758999971,0],[27.548104998000042,-18.704836531999945,0],[27.54840598800007,-18.704679531999943,0],[27.548557895000044,-18.704679517999978,0],[27.548759864000033,-18.70462706099994,0],[27.549063032000049,-18.704521978999935,0],[27.549417907000077,-18.704469324999934,0],[27.549620964000042,-18.704469295999957,0],[27.549925604000066,-18.704416582999954,0],[27.550078113000041,-18.704363825999963,0],[27.550383103000058,-18.704363778999948,0],[27.550433941000051,-18.704363769999929,0],[27.550688132000062,-18.70436373299998,0],[27.551195903000064,-18.704416399999957,0],[27.551449208000065,-18.704469049999943,0],[27.551703237000027,-18.704469020999966,0],[27.552057771000079,-18.704521609999972,0],[27.552359901000045,-18.70462669799997,0],[27.552865775000043,-18.704679220999935,0],[27.553217207000046,-18.704784789999962,0],[27.553417968000076,-18.70483752399997,0],[27.553616529000067,-18.704942560999939,0],[27.553919481000037,-18.704945462999945,0],[27.55422046800004,-18.704998944999943,0],[27.55457186600006,-18.705051646999948,0],[27.554981687000065,-18.704947344999937,0],[27.555189790000043,-18.704842693999979,0],[27.555347617000052,-18.704737838999961,0],[27.55536190600003,-18.704475635999927,0],[27.555376292000062,-18.704211973999975,0],[27.555397392000032,-18.703837806999957,0],[27.555421505000027,-18.703407331999927,0],[27.555581768000025,-18.703299759999936,0],[27.555851480000058,-18.70308481099994,0],[27.556060546000026,-18.70303232699996,0],[27.556277262000037,-18.702869385999975,0],[27.556598140000062,-18.702706207999938,0],[27.556872134000059,-18.702487283999972,0],[27.55703920600007,-18.702323125999953,0],[27.557262571000024,-18.702104000999952,0],[27.557378714000038,-18.701938603999963,0],[27.557503593000035,-18.701661158999968,0],[27.557677324000053,-18.701438308999968,0],[27.557804874000055,-18.70115489899996,0],[27.557821142000023,-18.700932099999932,0],[27.558004844000038,-18.700594734999981,0],[27.558066722000035,-18.700480796999955,0],[27.55830600400003,-18.700138154999934,0],[27.558431368000072,-18.699907336999956,0],[27.558610384000076,-18.699676110999974,0],[27.558620702000042,-18.699558597999953,0],[27.558752902000037,-18.699265637999929,0],[27.559014168000033,-18.698734434999949,0],[27.559104708000064,-18.698318537999967,0],[27.55923346700007,-18.698081116999958,0],[27.559319709000079,-18.697721205999983,0],[27.559402119000026,-18.697416884999939,0],[27.559424723000063,-18.697171953999941,0],[27.559222330000068,-18.696988752999971,0],[27.558918747000064,-18.696685711999976,0],[27.55883370600003,-18.696380762999979,0],[27.559009177000064,-18.696257516999935,0],[27.559250716000065,-18.696010630999979,0],[27.55937633700006,-18.69582735399996,0],[27.559507407000069,-18.695582334999926,0],[27.559762741000043,-18.695207274999973,0],[27.559898033000024,-18.694952428999954,0],[27.560133722000046,-18.69482366799997,0],[27.560295315000076,-18.694886642999961,0],[27.560680270000034,-18.694948393999937,0],[27.560939939000036,-18.695137852999949,0],[27.561163146000069,-18.695136714999933,0],[27.561281554000061,-18.695072581999966,0],[27.561742524000067,-18.694942889999936,0],[27.561939178000046,-18.694686163999961,0],[27.562031307000041,-18.694365157999982,0],[27.562172748000023,-18.694107301999964,0],[27.562209710000047,-18.693782743999975,0],[27.562246896000033,-18.693456224999977,0],[27.562276570000051,-18.693194121999966,0],[27.562312405000057,-18.692868100999931,0],[27.562355682000032,-18.692474382999933,0],[27.562256528000034,-18.691811467999969,0],[27.562062801000025,-18.691476598999941,0],[27.561918392000052,-18.691207658999929,0],[27.561742719000051,-18.690667978999954,0],[27.561663291000059,-18.690322455999933,0],[27.56159073300006,-18.689904792999982,0],[27.561482386000023,-18.689268216999949,0],[27.561335203000056,-18.688984494999943,0],[27.561313612000049,-18.688624606999952,0],[27.56121722000006,-18.688409197999931,0],[27.561150361000045,-18.687900144999958,0],[27.560999998000057,-18.687611041999958,0],[27.560848280000073,-18.687322380999944,0],[27.560795316000053,-18.687249943999973,0],[27.560516695000047,-18.68703093299996,0],[27.559946001000071,-18.686677978999967,0],[27.559357849000037,-18.686479781999935,0],[27.558724565000034,-18.686163060999945,0],[27.558496204000051,-18.68600721599995,0],[27.558271502000025,-18.685780672999954,0],[27.557788235000032,-18.685778888999948,0],[27.557244552000043,-18.685776884999939,0],[27.556821680000041,-18.685775322999973,0],[27.556511057000023,-18.685924127999954,0],[27.556252942000071,-18.68622381199998,0],[27.555500810000069,-18.686820844999943,0],[27.55518412300006,-18.687189923999938,0],[27.554939149000063,-18.687334433999979,0],[27.554628087000026,-18.687632511999936,0],[27.554321465000044,-18.687857182999949,0],[27.553892457000075,-18.688227133999931,0],[27.553653433000079,-18.688301285999955,0],[27.553467068000032,-18.688588467999978,0],[27.553456054000037,-18.688941882999927,0],[27.553510361000065,-18.689082351999957,0],[27.553618585000038,-18.689362278999965,0],[27.553721648000078,-18.689779485999964,0],[27.554220623000049,-18.69046530199995,0],[27.554551899000046,-18.690872899999931,0],[27.554656076000072,-18.691143716999932,0],[27.554702161000023,-18.691414116999965,0],[27.554526736000071,-18.691482466999958,0],[27.553896555000051,-18.691419159999953,0],[27.553721676000066,-18.691487695999967,0],[27.553372290000027,-18.691627153999946,0],[27.553198181000027,-18.69169476999997,0],[27.552793361000056,-18.691829822999978,0],[27.552678851000053,-18.691829995999967,0],[27.552446749000069,-18.691964450999933,0],[27.552159490000065,-18.692031806999978,0],[27.55175627400007,-18.692230051999957,0],[27.551298430000031,-18.692361008999967,0],[27.550953523000032,-18.69268984699994,0],[27.550611979000053,-18.692817831999946,0],[27.550214711000024,-18.692882908999934,0],[27.549874580000051,-18.692948027999932,0],[27.549647687000061,-18.692815784999937,0],[27.549589746000038,-18.692352006999954,0],[27.549531104000039,-18.691817327999956,0],[27.54952968200007,-18.691348011999935,0],[27.549528377000058,-18.690939281999931,0],[27.549527254000054,-18.69059486499998,0],[27.549584344000039,-18.690317516999983,0],[27.549641295000072,-18.689830097999959,0],[27.549757284000066,-18.68934014599995,0],[27.549815550000062,-18.688916585999948,0],[27.549874238000029,-18.688275111999928,0],[27.549933500000066,-18.687843498999939,0],[27.549993341000061,-18.687260575999971,0],[27.549994023000068,-18.686522482999976,0],[27.549994505000029,-18.686000091999972,0],[27.549994961000039,-18.685467764999942,0],[27.549995154000044,-18.685237718999929,0],[27.549995286000069,-18.685083832999965,0],[27.549934720000067,-18.684545067999977,0],[27.549934889000042,-18.684161493999966,0],[27.549873624000043,-18.683775700999945,0],[27.549750245000041,-18.68330965399997,0],[27.549564404000023,-18.682997418999946,0],[27.549378927000078,-18.682998311999938,0],[27.548946165000075,-18.682999105999954,0],[27.548576925000077,-18.683155313999976,0],[27.548394669000061,-18.683390305999978,0],[27.538117708000073,-18.701326424999934,0]]]},"properties":{"OID":14,"Name":"Untitled Polygon","FolderPath":"FORESTED2020.kml/FORESTED","SymbolID":0,"AltMode":0,"Base":0,"Clamped":-1,"Extruded":0,"Snippet":"","PopupInfo":"","Shape_Length":0.095062706957507084,"Shape_Area":0.000327641842679496}},{"type":"Feature","id":15,"geometry":{"type":"Polygon","coordinates":[[[27.538032919000045,-18.691476509999973,0],[27.538076948000025,-18.691555047999941,0],[27.538130317000025,-18.691607163999947,0],[27.538182258000063,-18.691646123999931,0],[27.538246077000053,-18.691684978999945,0],[27.538314143000036,-18.691774977999955,0],[27.538344721000044,-18.691851510999982,0],[27.538375098000074,-18.691927537999959,0],[27.538404222000054,-18.691990518999944,0],[27.538458946000048,-18.692078146999961,0],[27.538490646000071,-18.692177409999942,0],[27.538532847000056,-18.692263589999982,0],[27.538564920000056,-18.692373389999943,0],[27.538592970000025,-18.692433953999966,0],[27.538658442000042,-18.692530228999942,0],[27.538683423000066,-18.692554188999964,0],[27.538731528000028,-18.692578151999953,0],[27.538801061000072,-18.692578312999956,0],[27.53886748900004,-18.692530709999971,0],[27.538933461000056,-18.69247087499997,0],[27.538966217000052,-18.692434800999933,0],[27.538998367000033,-18.692386494999937,0],[27.539042374000076,-18.692338003999964,0],[27.539074830000061,-18.692289274999951,0],[27.539107429000069,-18.692240332999972,0],[27.539151328000059,-18.692178860999945,0],[27.539184875000046,-18.692141831999947,0],[27.539241623000066,-18.692092292999973,0],[27.539298622000047,-18.692042534999928,0],[27.539379672000052,-18.691992607999964,0],[27.539436747000025,-18.691929789999961,0],[27.539505655000028,-18.691853947999959,0],[27.53953985000004,-18.691803077999964,0],[27.539597851000053,-18.69173920399993,0],[27.53964411100003,-18.691674945999978,0],[27.539690630000052,-18.691610326999978,0],[27.539725941000029,-18.691571394999983,0],[27.539785357000028,-18.691519304999929,0],[27.539845308000054,-18.691480111999965,0],[27.539893273000075,-18.691440761999957,0],[27.539905232000024,-18.691427607999969,0],[27.540001725000025,-18.691348112999947,0],[27.540098959000034,-18.691280461999952,0],[27.540147756000067,-18.691239780999979,0],[27.540184508000038,-18.691212914999937,0],[27.540209084000026,-18.691199615999949,0],[27.540270579000037,-18.69113266599993,0],[27.540295250000042,-18.691078741999945,0],[27.540307601000052,-18.690983672999948,0],[27.54034510200006,-18.690819000999966,0],[27.540370326000073,-18.69073584399996,0],[27.54039563300006,-18.690680121999947,0],[27.540446296000027,-18.690624240999966,0],[27.540522137000039,-18.690610469999967,0],[27.540674488000036,-18.690554653999982,0],[27.540776794000067,-18.69049838899997,0],[27.540930426000045,-18.690442058999963,0],[27.541020644000071,-18.690399543999945,0],[27.541072898000039,-18.690356735999956,0],[27.541086994000068,-18.69031363299996,0],[27.541064035000034,-18.690226778999943,0],[27.541028663000077,-18.690122711999948,0],[27.540991299000041,-18.690077578999933,0],[27.540979642000025,-18.690032495999958,0],[27.54093019000004,-18.689942276999943,0],[27.540905665000025,-18.689882064999949,0],[27.540842190000035,-18.689806461999979,0],[27.540791397000078,-18.689730881999935,0],[27.540740043000028,-18.68967009399995,0],[27.540635247000068,-18.689654885999971,0],[27.540569592000054,-18.689655106999965,0],[27.540516952000075,-18.689670604999947,0],[27.540464206000024,-18.689716346999944,0],[27.540411712000036,-18.689746853999964,0],[27.540359326000043,-18.689792310999962,0],[27.540294133000032,-18.689867577999962,0],[27.540242259000024,-18.68992729699994,0],[27.540151775000027,-18.689986535999935,0],[27.540100356000039,-18.690030843999978,0],[27.540049762000024,-18.690133878999973,0],[27.539998830000059,-18.69017766099995,0],[27.539961353000024,-18.690250770999967,0],[27.539924571000029,-18.690352386999962,0],[27.539899780000042,-18.690395375999969,0],[27.539825357000041,-18.690495072999965,0],[27.53976289700006,-18.690537495999934,0],[27.539663528000062,-18.690608188999931,0],[27.539564301000041,-18.690664410999943,0],[27.539526981000051,-18.690678375999937,0],[27.539476615000069,-18.690678182999932,0],[27.53945040800005,-18.690649844999939,0],[27.539423121000027,-18.690593356999955,0],[27.539369338000029,-18.690508436999949,0],[27.539304806000075,-18.690479915999958,0],[27.539292118000049,-18.690479892999974,0],[27.539241369000024,-18.690479799999935,0],[27.539166574000035,-18.690508066999939,0],[27.539117958000077,-18.690550457999962,0],[27.539082139000072,-18.690592726999967,0],[27.539072368000063,-18.690648926999927,0],[27.539076660000035,-18.69073291199993,0],[27.539067800000055,-18.690802843999961,0],[27.539057507000052,-18.690844587999948,0],[27.539023051000072,-18.690899935999937,0],[27.538964662000069,-18.690968698999939,0],[27.53886856500003,-18.691023229999928,0],[27.538797671000054,-18.691077603999929,0],[27.538739432000057,-18.691131686999938,0],[27.538668201000064,-18.691172024999958,0],[27.538609515000076,-18.691212245999964,0],[27.538527491000025,-18.691265652999959,0],[27.538315712000042,-18.691371637999964,0],[27.538128948000065,-18.691463573999954,0],[27.538048902000071,-18.691515832999983,0],[27.538032919000045,-18.691476509999973,0]]]},"properties":{"OID":15,"Name":"Untitled Polygon","FolderPath":"FORESTED2020.kml/FORESTED","SymbolID":0,"AltMode":0,"Base":0,"Clamped":-1,"Extruded":0,"Snippet":"","PopupInfo":"","Shape_Length":0.009299906753854845,"Shape_Area":3.103160204634649e-06}},{"type":"Feature","id":16,"geometry":{"type":"Polygon","coordinates":[[[27.539757734000034,-18.693679944999928,0],[27.540774110000029,-18.693078789999959,0],[27.541297099000076,-18.693541876999973,0],[27.542162862000055,-18.692342741999937,0],[27.541151495000065,-18.691389260999927,0],[27.539303760000053,-18.69317037199994,0],[27.539757734000034,-18.693679944999928,0]]]},"properties":{"OID":16,"Name":"Untitled Polygon","FolderPath":"FORESTED2020.kml/FORESTED","SymbolID":0,"AltMode":0,"Base":0,"Clamped":-1,"Extruded":0,"Snippet":"","PopupInfo":"","Shape_Length":0.0079972447747154694,"Shape_Area":3.1685425539119774e-06}},{"type":"Feature","id":17,"geometry":{"type":"Polygon","coordinates":[[[27.541133689000048,-18.695107538999935,0],[27.542459868000037,-18.693737311999939,0],[27.541957115000059,-18.692955429999927,0],[27.540455048000069,-18.694418728999949,0],[27.541133689000048,-18.695107538999935,0]]]},"properties":{"OID":17,"Name":"Untitled Polygon","FolderPath":"FORESTED2020.kml/FORESTED","SymbolID":0,"AltMode":0,"Base":0,"Clamped":-1,"Extruded":0,"Snippet":"","PopupInfo":"","Shape_Length":0.0059004413728798383,"Shape_Area":1.8767473453345101e-06}},{"type":"Feature","id":18,"geometry":{"type":"Polygon","coordinates":[[[27.53478265800004,-18.684595897999941,0],[27.534878625000033,-18.685832513999969,0],[27.536148844000024,-18.685456823999971,0],[27.53701344600006,-18.685480939999934,0],[27.537059219000071,-18.68470753899993,0],[27.536193084000047,-18.684670368999946,0],[27.535804078000069,-18.684646013999952,0],[27.53548913700007,-18.68456337899994,0],[27.53498464300003,-18.684561474999953,0],[27.534972052000057,-18.684549993999951,0],[27.53478265800004,-18.684595897999941,0]]]},"properties":{"OID":18,"Name":"Untitled Polygon","FolderPath":"FORESTED2020.kml/FORESTED","SymbolID":0,"AltMode":0,"Base":0,"Clamped":-1,"Extruded":0,"Snippet":"","PopupInfo":"","Shape_Length":0.0065033557724920622,"Shape_Area":2.0832362887780245e-06}},{"type":"Feature","id":19,"geometry":{"type":"Polygon","coordinates":[[[27.542681231000074,-18.682719866999946,0],[27.542885802000058,-18.683448723999959,0],[27.544101800000078,-18.683056280999949,0],[27.544056285000067,-18.682130750999931,0],[27.544052020000038,-18.682118254999978,0],[27.542615888000057,-18.682004105999965,0],[27.542592722000052,-18.682003838999947,0],[27.542681231000074,-18.682719866999946,0]]]},"properties":{"OID":19,"Name":"Untitled Polygon","FolderPath":"FORESTED2020.kml/FORESTED","SymbolID":0,"AltMode":0,"Base":0,"Clamped":-1,"Extruded":0,"Snippet":"","PopupInfo":"","Shape_Length":0.0051599373229746165,"Shape_Area":1.6613830100881464e-06}},{"type":"Feature","id":20,"geometry":{"type":"Polygon","coordinates":[[[27.542230092000068,-18.681099914999947,0],[27.542450321000047,-18.681704189999948,0],[27.543877953000049,-18.681479555999942,0],[27.543842418000054,-18.680284053999969,0],[27.543835394000041,-18.680226189999928,0],[27.54382042800006,-18.680184557999951,0],[27.542263123000055,-18.680509050999945,0],[27.542230092000068,-18.681099914999947,0]]]},"properties":{"OID":20,"Name":"Untitled Polygon","FolderPath":"FORESTED2020.kml/FORESTED","SymbolID":0,"AltMode":0,"Base":0,"Clamped":-1,"Extruded":0,"Snippet":"","PopupInfo":"","Shape_Length":0.005569450730314676,"Shape_Area":1.9785276500098547e-06}},{"type":"Feature","id":21,"geometry":{"type":"Polygon","coordinates":[[[27.545478734000028,-18.67975731599995,0],[27.545288410000069,-18.679811323999957,0],[27.545242244000065,-18.68017688499998,0],[27.545301818000041,-18.680468938999979,0],[27.545091359000025,-18.681779750999965,0],[27.545917559000031,-18.682325006999974,0],[27.547479592000059,-18.680085622999968,0],[27.545679505000066,-18.679450531999976,0],[27.545645721000028,-18.67945040799998,0],[27.545478734000028,-18.67975731599995,0]]]},"properties":{"OID":21,"Name":"Untitled Polygon","FolderPath":"FORESTED2020.kml/FORESTED","SymbolID":0,"AltMode":0,"Base":0,"Clamped":-1,"Extruded":0,"Snippet":"","PopupInfo":"","Shape_Length":0.0082042364095216633,"Shape_Area":3.9045431173171783e-06}}]}
